/* DBScriptData
DBName: Magister's Terrace
DBScriptName: instance_magisters_terrace
DB%Complete: 70
DBComment:
* Add Serverside ss.47067 for 25958
* OOC Feeding Event maybe paths to more than one version of c.22515
* Correctly Implement 24844 -> 24848 sequence
EndDBScriptData */

SET @CGUID := 5850000; -- creatures
SET @OGUID := 5850000; -- gameobjects
SET @PGUID := 51000; -- pools

-- =========
-- CREATURES
-- =========

INSERT INTO `creature_movement` (`id`, `point`, `position_x`, `position_y`, `position_z`, `orientation`, `waittime`, `script_id`) VALUES
-- Pathing for Invisible Stalker Entry: 15214
(@CGUID+13,1,133.2364,12.07051,-2.654361,0,0,0),
(@CGUID+13,2,126.9184,13.11976,-2.735225,0,0,0),
(@CGUID+13,3,119.814,10.74983,-2.64353,0,0,0),
(@CGUID+13,4,113.0618,2.890472,-2.629578,0,0,0),
(@CGUID+13,5,88.80921,3.612761,-2.542481,0,0,0),
(@CGUID+13,6,89.31918,-4.041086,-2.542481,0,0,0),
(@CGUID+13,7,113.7744,-3.238632,-2.64232,0,0,0),
(@CGUID+13,8,120.989,-10.82339,-2.654936,0,0,0),
(@CGUID+13,9,127.0071,-13.58648,-2.734596,0,0,0),
(@CGUID+13,10,133.6123,-10.93178,-2.686742,0,0,0),
(@CGUID+13,11,139.9222,-3.171291,-2.583023,0,0,0),
(@CGUID+13,12,170.7383,-4.218217,-2.542481,0,0,0),
(@CGUID+13,13,170.8675,3.800012,-2.542481,0,0,0),
(@CGUID+13,14,140.2206,2.92965,-2.600693,0,0,0),
-- Scripting for Sunblade Mage Guard Entry: 24683
(@CGUID+26,1,103.3199,-27.64713,-21.34793,6.126106,12000,1001),
(@CGUID+26,2,103.3199,-27.64713,-21.34793,6.126106,4000,1001),
(@CGUID+26,3,103.3199,-27.64713,-21.34793,6.126106,9000,1001),
-- Scripting for Sunblade Mage Guard Entry: 24683
(@CGUID+27,1,119.2309,16.7309,-2.605224,0.8377581,36000,1001),
(@CGUID+27,2,119.2309,16.7309,-2.605224,0.8377581,8000,1001),
(@CGUID+27,3,119.2309,16.7309,-2.605224,0.8377581,30000,1001),
-- Scripting for Sunblade Mage Guard Entry: 24683
(@CGUID+28,1,129.9757,-17.35156,-2.714931,5.846853,10000,1001),
(@CGUID+28,2,129.9757,-17.35156,-2.714931,5.846853,7000,1001),
(@CGUID+28,3,129.9757,-17.35156,-2.714931,5.846853,20000,1006),
(@CGUID+28,4,129.9757,-17.35156,-2.714931,5.846853,8000,1001),
(@CGUID+28,5,129.9757,-17.35156,-2.714931,5.846853,9000,1001),
(@CGUID+28,6,129.9757,-17.35156,-2.714931,5.846853,19000,1005),
-- Scripting for Sunblade Mage Guard Entry: 24683
(@CGUID+29,1,144.0841,-107.0146,-20.37166,4.24115,17000,1001),
(@CGUID+29,2,144.0841,-107.0146,-20.37166,4.24115,8000,1001),
(@CGUID+29,3,144.0841,-107.0146,-20.37166,4.24115,20000,1001),
-- Scripting for Sunblade Mage Guard Entry: 24683
(@CGUID+30,1,146.1476,-25.44206,-21.19135,0.5585054,1000,0),
(@CGUID+30,2,146.1476,-25.44206,-21.19135,0.5585054,14000,2468301),
(@CGUID+30,3,146.1476,-25.44206,-21.19135,0.5585054,12000,2468301),
(@CGUID+30,4,146.1476,-25.44206,-21.19135,0.5585054,15000,2468301),
-- Scripting for Sunblade Mage Guard Entry: 24683
(@CGUID+31,1,153.3955,140.0584,-14.29825,2.478368,16000,1396),
(@CGUID+31,2,153.3955,140.0584,-14.29825,2.478368,5000,1396),
(@CGUID+31,3,153.3955,140.0584,-14.29825,2.478368,3000,1396),
(@CGUID+31,4,153.3955,140.0584,-14.29825,2.478368,4000,1396),
-- Scripting for Sunblade Mage Guard Entry: 24683
(@CGUID+36,1,89.61057,19.97336,-21.24747,6.213372,1000,0),
(@CGUID+36,2,89.61057,19.97336,-21.24747,6.213372,11000,2468301),
(@CGUID+36,3,89.61057,19.97336,-21.24747,6.213372,16000,2468301),
(@CGUID+36,4,89.61057,19.97336,-21.24747,6.213372,11000,2468301),
-- Scripting for Sunblade Blood Knight Entry: 24684
(@CGUID+37,1,108.2356,-111.1218,-20.18563,6.126106,7000,1001),
(@CGUID+37,2,108.2356,-111.1218,-20.18563,6.126106,4000,1001),
(@CGUID+37,3,108.2356,-111.1218,-20.18563,6.126106,24000,1001),
-- Scripting for Sunblade Blood Knight Entry: 24684
(@CGUID+38,1,110.7951,-32.949,-21.17775,2.426008,5000,1001),
(@CGUID+38,2,110.7951,-32.949,-21.17775,2.426008,18000,1001),
(@CGUID+38,3,110.7951,-32.949,-21.17775,2.426008,4000,1001),
-- Scripting for Sunblade Blood Knight Entry: 24684
(@CGUID+39,1,118.8691,-159.344,-21.22317,1.832596,22000,1001),
(@CGUID+39,2,118.8691,-159.344,-21.22317,1.832596,5000,1001),
(@CGUID+39,3,118.8691,-159.344,-21.22317,1.832596,26000,1001),
-- Scripting for Sunblade Blood Knight Entry: 24684
(@CGUID+40,1,121.86,20.90755,-2.651257,5.061455,12000,6),
(@CGUID+40,2,121.86,20.90755,-2.651257,5.061455,21000,1001),
(@CGUID+40,3,121.86,20.90755,-2.651257,5.061455,17000,6),
(@CGUID+40,4,121.86,20.90755,-2.651257,5.061455,7000,1001),
(@CGUID+40,5,121.86,20.90755,-2.651257,5.061455,11000,1001),
(@CGUID+40,6,121.86,20.90755,-2.651257,5.061455,10000,5),
(@CGUID+40,7,121.86,20.90755,-2.651257,5.061455,10000,1001),
-- Scripting for Sunblade Blood Knight Entry: 24684
(@CGUID+42,1,134.47,-18.90777,-2.637789,2.775074,14000,1001),
(@CGUID+42,2,134.47,-18.90777,-2.637789,2.775074,17000,1001),
-- Scripting for Sunblade Blood Knight Entry: 24684
(@CGUID+43,1,146.191,-134.3537,-20.93017,0.7679449,1000,0),
(@CGUID+43,2,146.191,-134.3537,-20.93017,0.7679449,13000,2468401),
(@CGUID+43,3,146.191,-134.3537,-20.93017,0.7679449,18000,2468401),
(@CGUID+43,4,146.191,-134.3537,-20.93017,0.7679449,16000,2468401),
(@CGUID+44,1,151.4745,146.1255,-14.29825,4.502949,9000,1396),
(@CGUID+44,2,151.4745,146.1255,-14.29825,4.502949,7000,1396),
(@CGUID+44,5,151.4745,146.1255,-14.29825,4.502949,5000,1396),
-- Scripting for Sunblade Blood Knight Entry: 24684
(@CGUID+45,1,151.5336,-28.70573,-21.3511,1.27409,1000,0),
(@CGUID+45,2,151.5336,-28.70573,-21.3511,1.27409,16000,2468401),
(@CGUID+45,3,151.5336,-28.70573,-21.3511,1.27409,14000,2468401),
-- Scripting for Sunblade Blood Knight Entry: 24684
(@CGUID+47,1,163.7176,16.77892,-21.45707,2.059489,12000,1001),
(@CGUID+47,2,163.7176,16.77892,-21.45707,2.059489,4000,1001),
(@CGUID+47,3,163.7176,16.77892,-21.45707,2.059489,8000,1001),
-- Scripting for Sunblade Blood Knight Entry: 24684
(@CGUID+50,1,93.08018,24.61534,-21.25367,5.375614,1000,0),
(@CGUID+50,2,93.08018,24.61534,-21.25367,5.375614,11000,2468401),
(@CGUID+50,3,93.08018,24.61534,-21.25367,5.375614,16000,2468401),
(@CGUID+50,4,93.08018,24.61534,-21.25367,5.375614,11000,2468401),
-- Scripting for Sunblade Magister Entry: 24685
(@CGUID+51,1,100.6884,27.3909,-21.3234,4.45059,1000,0),
(@CGUID+51,2,100.6884,27.3909,-21.3234,4.45059,11000,2468501),
(@CGUID+51,3,100.6884,27.3909,-21.3234,4.45059,15000,2468501),
(@CGUID+51,4,100.6884,27.3909,-21.3234,4.45059,10000,2468501),
-- Scripting for Sunblade Magister Entry: 24685
(@CGUID+52,1,113.0705,-27.38194,-21.48741,3.473205,6000,1001),
(@CGUID+52,2,113.0705,-27.38194,-21.48741,3.473205,3000,1001),
(@CGUID+52,3,113.0705,-27.38194,-21.48741,3.473205,5000,1001),
-- Scripting for Sunblade Magister Entry: 24685
(@CGUID+53,1,113.574,-152.6129,-21.05598,5.5676,19000,1001),
(@CGUID+53,2,113.574,-152.6129,-21.05598,5.5676,11000,1001),
(@CGUID+53,3,113.574,-152.6129,-21.05598,5.5676,12000,1001),
(@CGUID+53,4,113.574,-152.6129,-21.05598,5.5676,16000,1001),
-- Scripting for Sunblade Magister Entry: 24685
(@CGUID+54,1,115.2049,-112.538,-21.11774,2.321288,3000,1001),
(@CGUID+54,2,115.2049,-112.538,-21.11774,2.321288,6000,1001),
(@CGUID+54,3,115.2049,-112.538,-21.11774,2.321288,11000,1001),
-- Pathing for Sunblade Magister Entry: 24685
(@CGUID+56, 1, 126.7938, -160.69092, -21.742477, 100, 5000, 0),
(@CGUID+56, 2, 126.75357, -143.1005, -21.742477, 100, 0, 0),
(@CGUID+56, 3, 132.97911, -141.74371, -21.742476, 100, 0, 0),
(@CGUID+56, 4, 138.256, -137.16545, -21.742477, 100, 0, 0),
(@CGUID+56, 5, 141.23332, -130.84633, -21.742477, 100, 0, 0),
(@CGUID+56, 6, 140.56306, -123.5274, -21.742477, 100, 0, 0),
(@CGUID+56, 7, 135.91673, -117.2681, -21.742477, 100, 0, 0),
(@CGUID+56, 8, 127.0309, -113.83658, -21.742476, 100, 0, 0),
(@CGUID+56, 9, 126.87186, -90.38792, -21.742476, 100, 5000, 0),
(@CGUID+56, 10, 126.30286, -113.82516, -21.742476, 100, 0, 0),
(@CGUID+56, 11, 120.78259, -115.18343, -21.742477, 100, 0, 0),
(@CGUID+56, 12, 115.85514, -119.16132, -21.742477, 100, 0, 0),
(@CGUID+56, 13, 112.67792, -125.95721, -21.742477, 100, 0, 0),
(@CGUID+56, 14, 113.21269, -134.12642, -21.742477, 100, 0, 0),
(@CGUID+56, 15, 118.95335, -140.93686, -21.742477, 100, 0, 0),
(@CGUID+56, 16, 126.14413, -143.12163, -21.742477, 100, 0, 0),
-- Scripting for Sunblade Magister Entry: 24685
(@CGUID+57,1,127.1523,19.62066,-2.73584,2.844887,18000,1001),
(@CGUID+57,2,127.1523,19.62066,-2.73584,2.844887,31000,1001),
(@CGUID+57,3,127.1523,19.62066,-2.73584,2.844887,26000,1001),
-- Scripting for Sunblade Magister Entry: 24685
(@CGUID+58,1,146.7917,-125.1393,-21.11193,5.707227,1000,0),
(@CGUID+58,2,146.7917,-125.1393,-21.11193,5.707227,12000,2468501),
(@CGUID+58,3,146.7917,-125.1393,-21.11193,5.707227,18000,2468501),
(@CGUID+58,4,146.7917,-125.1393,-21.11193,5.707227,26000,2468501),
-- Scripting for Sunblade Magister Entry: 24685
(@CGUID+59,1,158.9377,23.03212,-21.31738,5.742133,11000,1001),
(@CGUID+59,2,158.9377,23.03212,-21.31738,5.742133,7000,1001),
(@CGUID+59,3,158.9377,23.03212,-21.31738,5.742133,3000,1001),
-- Scripting for Sunblade Magister Entry: 24685
(@CGUID+60,1,159.7843,-19.11372,-21.38687,3.193953,1000,0),
(@CGUID+60,2,159.7843,-19.11372,-21.38687,3.193953,16000,2468501),
(@CGUID+60,3,159.7843,-19.11372,-21.38687,3.193953,12000,2468501),
(@CGUID+60,4,159.7843,-19.11372,-21.38687,3.193953,14000,2468501),
-- Scripting for Sunblade Warlock Entry: 24686
(@CGUID+64,1,107.5,-22.84874,-21.47001,4.782202,5000,1001),
(@CGUID+64,2,107.5,-22.84874,-21.47001,4.782202,18000,1001),
(@CGUID+64,3,107.5,-22.84874,-21.47001,4.782202,12000,1001),
-- Scripting for Sunblade Warlock Entry: 24686
(@CGUID+65,1,110.4894,-114.3717,-20.69702,1.134464,4000,1001),
(@CGUID+65,2,110.4894,-114.3717,-20.69702,1.134464,5000,1001),
(@CGUID+65,3,110.4894,-114.3717,-20.69702,1.134464,5000,1001),
-- Scripting for Sunblade Warlock Entry: 24686
(@CGUID+66,1,121.066,-155.7127,-21.24794,2.949606,3000,1001),
(@CGUID+66,2,121.066,-155.7127,-21.24794,2.949606,4000,1001),
(@CGUID+66,3,121.066,-155.7127,-21.24794,2.949606,8000,1001),
-- Scripting for Sunblade Warlock Entry: 24686
(@CGUID+68,1,134.1413,-14.36241,-2.619921,3.630285,17000,1001),
(@CGUID+68,2,134.1413,-14.36241,-2.619921,3.630285,14000,1001),
(@CGUID+68,3,134.1413,-14.36241,-2.619921,3.630285,19000,1001),
-- Scripting for Sunblade Warlock Entry: 24686
(@CGUID+69,1,144.7055,-113.3392,-20.46407,2.670354,9000,1001),
(@CGUID+69,2,144.7055,-113.3392,-20.46407,2.670354,4000,1001),
(@CGUID+69,3,144.7055,-113.3392,-20.46407,2.670354,3000,1001),
-- Scripting for Sunblade Warlock Entry: 24686
(@CGUID+70,1,152.7175,-138.1237,-20.60773,2.024582,1000,0),
(@CGUID+70,2,152.7175,-138.1237,-20.60773,2.024582,12000,2468601),
(@CGUID+70,3,152.7175,-138.1237,-20.60773,2.024582,18000,2468601),
(@CGUID+70,4,152.7175,-138.1237,-20.60773,2.024582,15000,2468601),
-- Scripting for Sunblade Warlock Entry: 24686
(@CGUID+71,1,153.7665,143.9651,-14.29824,3.647738,7000,1396),
(@CGUID+71,2,153.7665,143.9651,-14.29824,3.647738,9000,1396),
(@CGUID+71,3,153.7665,143.9651,-14.29824,3.647738,12000,1396),
-- Scripting for Sunblade Warlock Entry: 24686
(@CGUID+72,1,156.3635,-25.42817,-21.30278,2.495821,1000,0),
(@CGUID+72,2,156.3635,-25.42817,-21.30278,2.495821,16000,2468601),
(@CGUID+72,3,156.3635,-25.42817,-21.30278,2.495821,12000,2468601),
(@CGUID+72,4,156.3635,-25.42817,-21.30278,2.495821,14000,2468601),
-- Scripting for Sunblade Warlock Entry: 24686
(@CGUID+73,1,162.435,24.89898,-21.25501,4.625123,23000,1001),
(@CGUID+73,2,162.435,24.89898,-21.25501,4.625123,19000,1001),
(@CGUID+73,3,162.435,24.89898,-21.25501,4.625123,11000,1001),
-- Scripting for Sunblade Warlock Entry: 24686
(@CGUID+77,1,92.40538,14.65262,-21.5157,0.8726646,1000,0),
(@CGUID+77,2,92.40538,14.65262,-21.5157,0.8726646,11000,2468601),
(@CGUID+77,3,92.40538,14.65262,-21.5157,0.8726646,16000,2468601),
(@CGUID+77,4,92.40538,14.65262,-21.5157,0.8726646,11000,2468601),
-- Scripting for Sunblade Physician Entry: 24687
(@CGUID+78,1,123.6144,15.55122,-2.721988,1.780236,19000,1001),
(@CGUID+78,2,123.6144,15.55122,-2.721988,1.780236,59000,1001),
(@CGUID+78,3,123.6144,15.55122,-2.721988,1.780236,45000,1001),
(@CGUID+78,4,123.6144,15.55122,-2.721988,1.780236,48000,1001),
-- Scripting for Sunblade Physician Entry: 24687
(@CGUID+79,1,129.3069,-22.25803,-2.736825,1.64061,56000,1001),
(@CGUID+79,2,129.3069,-22.25803,-2.736825,1.64061,30000,1001),
(@CGUID+79,3,129.3069,-22.25803,-2.736825,1.64061,17000,1001),
(@CGUID+79,4,129.3069,-22.25803,-2.736825,1.64061,29000,1001),
-- Scripting for Sunblade Physician Entry: 24687
(@CGUID+81,1,136.383,-108.1438,-21.12049,0.2268928,5000,1001),
(@CGUID+81,2,136.383,-108.1438,-21.12049,0.2268928,11000,1001),
(@CGUID+81,3,136.383,-108.1438,-21.12049,0.2268928,19000,1001),
(@CGUID+81,4,136.383,-108.1438,-21.12049,0.2268928,31000,1001),
-- Scripting for Sunblade Physician Entry: 24687
(@CGUID+82,1,157.7194,-132.2129,-20.99394,2.897247,1000,0),
(@CGUID+82,2,157.7194,-132.2129,-20.99394,2.897247,13000,2468701),
(@CGUID+82,3,157.7194,-132.2129,-20.99394,2.897247,18000,2468701),
(@CGUID+82,4,157.7194,-132.2129,-20.99394,2.897247,15000,2468701),
-- Scripting for Sunblade Physician Entry: 24687
(@CGUID+83,1,164.9128,40.56662,-19.91889,2.827433,27000,1011),
(@CGUID+83,2,164.9128,40.56662,-19.91889,2.827433,30000,1011),
(@CGUID+83,3,164.9128,40.56662,-19.91889,2.827433,17000,1011),
(@CGUID+83,4,164.9128,40.56662,-19.91889,2.827433,21000,1011),
-- Scripting for Wretched Skulker Entry: 24688
(@CGUID+86,1,222.6547,-20.81098,-2.974053,0.3316126,1000,0),
(@CGUID+86,2,222.6547,-20.81098,-2.974053,0.3316126,13000,2468801),
-- Scripting for Wretched Skulker Entry: 24688
(@CGUID+87,1,224.4132,-16.27213,-2.97049,5.305801,1000,0),
(@CGUID+87,2,224.4132,-16.27213,-2.97049,5.305801,13000,2468801),
-- Scripting for Wretched Skulker Entry: 24688
(@CGUID+89,1,230.1882,19.70855,-2.984118,2.687807,1000,0),
(@CGUID+89,2,230.1882,19.70855,-2.984118,2.687807,13000,2468801),
-- Scripting for Wretched Bruiser Entry: 24689
(@CGUID+91,1,225.5187,16.98004,-2.911388,1.553343,1000,0),
(@CGUID+91,2,225.5187,16.98004,-2.911388,1.553343,13000,2468901),
-- Scripting for Wretched Husk Entry: 24690
(@CGUID+95,1,222.5011,20.46376,-2.955546,6.056293,1000,0),
(@CGUID+95,2,222.5011,20.46376,-2.955546,6.056293,13000,2469001),
-- Scripting for Wretched Husk Entry: 24690
(@CGUID+96,1,224.1339,23.2921,-3.017883,5.305801,1000,0),
(@CGUID+96,2,224.1339,23.2921,-3.017883,5.305801,13000,2469001),
-- Scripting for Wretched Husk Entry: 24690
(@CGUID+97,1,227.3105,-22.96918,-2.972695,1.919862,1000,0),
(@CGUID+97,2,227.3105,-22.96918,-2.972695,1.919862,13000,2469001),
-- Scripting for Wretched Husk Entry: 24690
(@CGUID+98,1,228.5601,-16.65473,-2.966641,3.595378,1000,0),
(@CGUID+98,2,228.5601,-16.65473,-2.966641,3.595378,13000,2469001),
-- Scripting for Wretched Bruiser Entry: 24689
(@CGUID+94,1,231.616,-1.85525,-2.8658,1.02974,21000,2468902),
(@CGUID+94,2,231.616,-1.85525,-2.8658,1.02974,42000,2468902),
(@CGUID+94,3,231.616,-1.85525,-2.8658,1.02974,61000,2468902),
(@CGUID+94,4,231.616,-1.85525,-2.8658,1.02974,22000,2468902),
(@CGUID+99,1,231.695,2.63455,-2.88275,5.61996,42000,2469002),
(@CGUID+99,2,231.695,2.63455,-2.88275,5.61996,21000,2469002),
(@CGUID+99,3,231.695,2.63455,-2.88275,5.61996,61000,2469002),
(@CGUID+99,4,231.695,2.63455,-2.88275,5.61996,22000,2469002),
-- Scripting for Sunblade Physician Entry: 24687
(@CGUID+100,1,139.101,-104.6437,-20.92453,5.602507,10000,1001),
(@CGUID+100,2,139.101,-104.6437,-20.92453,5.602507,13000,1001),
(@CGUID+100,3,139.101,-104.6437,-20.92453,5.602507,4000,1001),
(@CGUID+100,4,139.101,-104.6437,-20.92453,5.602507,11000,1001),
(@CGUID+101,1,148.2014,145.5804,-14.29825,5.340707,29000,1396),
(@CGUID+101,2,148.2014,145.5804,-14.29825,5.340707,17000,1396),
(@CGUID+101,3,148.2014,145.5804,-14.29825,5.340707,34000,1396),
(@CGUID+101,4,148.2014,145.5804,-14.29825,5.340707,24000,1396),
-- Scripting for Sister of Torment Entry: 24697
(@CGUID+102,1,105.2381,-33.20052,-21.29979,1.413717,12000,1001),
(@CGUID+102,2,105.2381,-33.20052,-21.29979,1.413717,14000,1001),
(@CGUID+102,3,105.2381,-33.20052,-21.29979,1.413717,11000,1001),
(@CGUID+102,4,105.2381,-33.20052,-21.29979,1.413717,6000,1001),
-- Scripting for Sister of Torment Entry: 24697
(@CGUID+103,1,116.1172,-107.2371,-20.94357,3.752458,35000,1001),
(@CGUID+103,2,116.1172,-107.2371,-20.94357,3.752458,21000,1001),
(@CGUID+103,3,116.1172,-107.2371,-20.94357,3.752458,16000,1001),
(@CGUID+103,4,116.1172,-107.2371,-20.94357,3.752458,24000,1001),
-- Scripting for Sister of Torment Entry: 24697
(@CGUID+104,1,118.4262,-151.4972,-21.08203,4.08407,8000,1001),
(@CGUID+104,2,118.4262,-151.4972,-21.08203,4.08407,40000,1001),
(@CGUID+104,3,118.4262,-151.4972,-21.08203,4.08407,4000,1001),
(@CGUID+104,4,118.4262,-151.4972,-21.08203,4.08407,33000,1001),
-- Scripting for Sister of Torment Entry: 24697
(@CGUID+105,1,139.3961,-114.1053,-21.06477,1.500983,12000,1001),
(@CGUID+105,2,139.3961,-114.1053,-21.06477,1.500983,4000,1001),
(@CGUID+105,3,139.3961,-114.1053,-21.06477,1.500983,33000,1001),
(@CGUID+105,4,139.3961,-114.1053,-21.06477,1.500983,16000,1001),
-- Scripting for Sister of Torment Entry: 24697
(@CGUID+106,1,148.9117,138.5706,-14.29824,1.134464,19000,1396),
(@CGUID+106,2,148.9117,138.5706,-14.29824,1.134464,8000,1396),
(@CGUID+106,3,148.9117,138.5706,-14.29824,1.134464,5000,1396),
(@CGUID+106,4,148.9117,138.5706,-14.29824,1.134464,11000,1396),
-- Scripting for Sister of Torment Entry: 24697
(@CGUID+107,1,159.4296,17.83941,-21.40058,0.5759587,12000,1001),
(@CGUID+107,2,159.4296,17.83941,-21.40058,0.5759587,16000,1001),
(@CGUID+107,3,159.4296,17.83941,-21.40058,0.5759587,19000,1001),
(@CGUID+107,4,159.4296,17.83941,-21.40058,0.5759587,3000,1001),
-- Scripting for Ethereum Smuggler Entry: 24698
(@CGUID+108,1,110.8193,-106.344,-20.49449,5.026548,22000,1001),
(@CGUID+108,2,110.8193,-106.344,-20.49449,5.026548,6000,1001),
(@CGUID+108,3,110.8193,-106.344,-20.49449,5.026548,13000,1001),
(@CGUID+108,4,110.8193,-106.344,-20.49449,5.026548,3000,1001),
-- Scripting for Ethereum Smuggler Entry: 24698
(@CGUID+109,1,114.2813,-157.6882,-21.12742,0.9250245,18000,1001),
(@CGUID+109,2,114.2813,-157.6882,-21.12742,0.9250245,12000,1001),
(@CGUID+109,3,114.2813,-157.6882,-21.12742,0.9250245,5000,1001),
(@CGUID+109,4,114.2813,-157.6882,-21.12742,0.9250245,6000,1001),
-- Scripting for Ethereum Smuggler Entry: 24698
(@CGUID+110,1,146.674,141.353,-14.29824,0.2268928,18000,1396),
(@CGUID+110,2,146.674,141.353,-14.29824,0.2268928,12000,1396),
(@CGUID+110,3,146.674,141.353,-14.29824,0.2268928,27000,1396),
(@CGUID+110,4,146.674,141.353,-14.29824,0.2268928,10000,1396),
-- Scripting for Ethereum Smuggler Entry: 24698
(@CGUID+111,1,166.9216,21.54416,-21.25143,3.333579,14000,1001),
(@CGUID+111,2,166.9216,21.54416,-21.25143,3.333579,6000,1001),
(@CGUID+111,3,166.9216,21.54416,-21.25143,3.333579,8000,1001),
(@CGUID+111,4,166.9216,21.54416,-21.25143,3.333579,20000,1001),
-- Pathing for Brightscale Wyrm Entry: 24761
(@CGUID+124,1,243.2712,-121.4564,-0.1603069,0,0,0),
(@CGUID+124,2,243.8034,-121.1188,-0.1603069,0,0,0),
(@CGUID+124,3,242.9699,-120.7164,-0.1603069,0,0,0),
(@CGUID+124,4,243.3569,-122.434,-0.1603069,0,0,0),
(@CGUID+124,5,241.6208,-123.1624,-0.1603069,0,0,0),
(@CGUID+124,6,243.3569,-122.434,-0.1603069,0,0,0),
(@CGUID+124,7,243.0382,-120.0386,-0.1603069,0,0,0),
(@CGUID+124,8,242.3486,-120.9973,-0.1603069,0,0,0),
(@CGUID+124,9,240.6107,-122.2948,-0.1603069,0,0,0),
(@CGUID+124,10,220.8548,-120.6749,-2.74727,0,0,0),
(@CGUID+124,11,218.7253,-122.3814,-2.74727,0,0,0),
(@CGUID+124,12,223.0345,-121.6101,-2.74727,0,0,0),
(@CGUID+124,13,219.0618,-122.8814,-2.74727,0,0,0),
(@CGUID+124,14,220.4633,-121.0553,-2.74727,0,0,0),
(@CGUID+124,15,221.8126,-120.7625,-2.74727,0,0,0),
(@CGUID+124,16,218.0081,-117.8721,-2.74727,0,0,0),
(@CGUID+124,17,221.3001,-120.7452,-2.74727,0,0,0),
(@CGUID+124,18,223.1233,-119.6787,-2.74727,0,0,0),
(@CGUID+124,19,223.5709,-118.6258,-2.74727,0,0,0),
(@CGUID+124,20,217.9462,-122.6045,-2.74727,0,0,0),
(@CGUID+124,21,218.4081,-120.6554,-2.74727,0,0,0),
(@CGUID+124,22,223.4533,-120.8909,-2.74727,0,0,0),
(@CGUID+124,23,241.7828,-122.7596,-1.20501,0,0,0),
(@CGUID+124,24,240.048,-121.903,-1.20501,0,0,0),
(@CGUID+124,25,238.3708,-123.7652,-1.20501,0,0,0),
(@CGUID+124,26,240.8045,-123.0479,-1.20501,0,0,0),
(@CGUID+124,27,241.7704,-123.0403,-1.20501,0,0,0),
(@CGUID+124,28,233.7291,-132.8723,-1.08411,0,0,0),
(@CGUID+124,29,234.7496,-132.1801,-1.08411,0,0,0),
(@CGUID+124,30,235.8077,-132.8558,-1.08411,0,0,0),
(@CGUID+124,31,233.362,-132.8156,-1.08411,0,0,0),
(@CGUID+124,32,231.1184,-135.3873,-1.08411,0,0,0),
(@CGUID+124,33,231.5482,-134.9652,-1.08411,0,0,0),
(@CGUID+124,34,234.6794,-134.6724,-1.08411,0,0,0),
(@CGUID+124,35,233.7162,-132.7399,-1.08411,0,0,0),
(@CGUID+124,36,231.6487,-131.0704,-1.08411,0,0,0),
(@CGUID+124,37,234.8336,-132.8268,-1.08411,0,0,0),
(@CGUID+124,38,220.2992,-122.2217,-2.840475,0,0,0),
(@CGUID+124,39,219.4875,-122.3433,-2.840475,0,0,0),
(@CGUID+124,40,223.2027,-122.1533,-2.840475,0,0,0),
(@CGUID+124,41,222.8634,-120.1292,-2.840475,0,0,0),
(@CGUID+124,42,220.1505,-120.0638,-2.840475,0,0,0),
(@CGUID+124,43,222.8385,-122.9976,-2.840475,0,0,0),
(@CGUID+124,44,219.769,-121.7755,-2.840475,0,0,0),
(@CGUID+124,45,223.6157,-124.5626,-2.840475,0,0,0),
(@CGUID+124,46,221.9716,-120.4174,-2.840475,0,0,0),
(@CGUID+124,47,219.7625,-122.7875,-2.840475,0,0,0),
(@CGUID+124,48,221.101,-121.7563,-2.840475,0,0,0),
(@CGUID+124,49,222.8759,-120.6102,-2.840475,0,0,0),
(@CGUID+124,50,221.957,-121.2036,-2.840475,0,0,0),
(@CGUID+124,51,241.78,-122.806,-1.222439,0,0,0),
(@CGUID+124,52,242.1402,-122.3814,-1.222439,0,0,0),
(@CGUID+124,53,242.8095,-124.8846,-1.222439,0,0,0),
(@CGUID+124,54,241.116,-122.6563,-1.222439,0,0,0),
(@CGUID+124,55,242.8214,-124.0424,-1.222439,0,0,0),
(@CGUID+124,56,241.4268,-125.923,-1.222439,0,0,0),
(@CGUID+124,57,242.4303,-123.578,-1.222439,0,0,0),
(@CGUID+124,58,242.784,-124.673,-1.222439,0,0,0),
(@CGUID+124,59,241.7577,-122.7955,-1.222439,0,0,0),
(@CGUID+124,60,241.1508,-122.9978,-1.222439,0,0,0),
(@CGUID+124,61,233.6514,-132.811,-1.088168,0,0,0),
(@CGUID+124,62,234.2721,-130.3771,-1.090179,0,0,0),
(@CGUID+124,63,235.045,-132.2432,-1.090179,0,0,0),
(@CGUID+124,64,232.1256,-130.44,-1.090179,0,0,0),
(@CGUID+124,65,236.0747,-131.8073,-1.090179,0,0,0),
-- Pathing for Brightscale Wyrm Entry: 24761
(@CGUID+134,1,220.3647,-121.8716,2.083333,0,0,0),
(@CGUID+134,2,220.8195,-120.9428,2.083333,0,0,0),
(@CGUID+134,3,220.9743,-120.6451,2.083333,0,0,0),
(@CGUID+134,4,220.6852,-121.0731,2.083333,0,0,0),
(@CGUID+134,5,218.862,-123.9516,2.083333,0,0,0),
(@CGUID+134,6,219.0679,-123.6264,2.083333,0,0,0),
(@CGUID+134,7,241.7745,-122.7622,-0.9199713,0,0,0),
(@CGUID+134,8,243.5896,-125.6752,-0.9199713,0,0,0),
(@CGUID+134,9,242.223,-121.347,-0.9199713,0,0,0),
(@CGUID+134,10,242.1838,-122.1511,-0.9199713,0,0,0),
(@CGUID+134,11,239.5533,-125.5165,-0.9199713,0,0,0),
(@CGUID+134,12,240.6425,-123.4849,-0.9199713,0,0,0),
(@CGUID+134,13,241.9326,-122.6101,-0.9199713,0,0,0),
(@CGUID+134,14,237.7627,-122.4932,-0.9199713,0,0,0),
(@CGUID+134,15,242.5792,-122.9858,-0.9199713,0,0,0),
(@CGUID+134,16,243.2462,-121.2886,-0.9199713,0,0,0),
(@CGUID+134,17,242.4337,-122.9667,-0.9199713,0,0,0),
(@CGUID+134,18,241.9388,-122.9435,-0.9199713,0,0,0),
(@CGUID+134,19,245.3126,-122.7178,-0.9199713,0,0,0),
(@CGUID+134,20,242.31,-123.0598,-0.9199713,0,0,0),
(@CGUID+134,21,241.7921,-122.7501,-0.9199713,0,0,0),
(@CGUID+134,22,240.9778,-122.9223,-0.9199713,0,0,0),
(@CGUID+134,23,239.6872,-123.9883,-0.9199713,0,0,0),
(@CGUID+134,24,244.3819,-121.3493,-0.9199713,0,0,0),
(@CGUID+134,25,241.8743,-122.561,-0.9199713,0,0,0),
(@CGUID+134,26,241.8395,-125.4399,-0.9199713,0,0,0),
(@CGUID+134,27,242.0233,-122.4351,-0.9199713,0,0,0),
(@CGUID+134,28,242.5591,-121.9693,-0.9199713,0,0,0),
(@CGUID+134,29,241.5401,-123.5443,-0.9199713,0,0,0),
(@CGUID+134,30,243.0284,-123.6714,-0.9199713,0,0,0),
(@CGUID+134,31,240.5954,-123.7066,-0.9199713,0,0,0),
(@CGUID+134,32,240.2719,-123.227,-0.9199713,0,0,0),
(@CGUID+134,33,240.5954,-123.7066,-0.9199713,0,0,0),
(@CGUID+134,34,240.5954,-123.7066,-0.9199713,0,0,0),
(@CGUID+134,35,220.8433,-120.8842,-2.843994,0,0,0),
(@CGUID+134,36,223.901,-119.2603,-2.843994,0,0,0),
(@CGUID+134,37,222.54,-121.6989,-2.843994,0,0,0),
(@CGUID+134,38,221.4829,-121.1059,-2.843994,0,0,0),
(@CGUID+134,39,222.951,-123.4,-2.843994,0,0,0),
(@CGUID+134,40,222.5793,-122.8191,-2.843994,0,0,0),
(@CGUID+134,41,221.9578,-119.485,-2.843994,0,0,0),
(@CGUID+134,42,218.5994,-119.3037,-2.843994,0,0,0),
(@CGUID+134,43,222.0598,-119.1307,-2.843994,0,0,0),
(@CGUID+134,44,219.7861,-119.5752,-2.843994,0,0,0),
(@CGUID+134,45,221.8428,-121.6388,-2.843994,0,0,0),
(@CGUID+134,46,220.6884,-120.6665,-2.843994,0,0,0),
(@CGUID+134,47,218.1826,-123.5874,-2.843994,0,0,0),
(@CGUID+134,48,220.0278,-121.4366,-2.843994,0,0,0),
(@CGUID+134,49,222.9002,-122.0359,-2.843994,0,0,0),
(@CGUID+134,50,219.3771,-123.1003,-2.843994,0,0,0),
(@CGUID+134,51,230.0108,-132.827,-1.349469,0,0,0),
(@CGUID+134,52,226.4568,-129.5742,-1.384979,0,0,0),
(@CGUID+134,53,232.1855,-132.1301,-1.384979,0,0,0),
(@CGUID+134,54,229.708,-133.8471,-1.384979,0,0,0),
(@CGUID+134,55,227.347,-130.9104,-1.384979,0,0,0),
(@CGUID+134,56,230.0812,-131.5924,-1.384979,0,0,0),
(@CGUID+134,57,229.6761,-131.7581,-1.384979,0,0,0),
(@CGUID+134,58,227.7855,-133.6013,-1.384979,0,0,0),
(@CGUID+134,59,230.0685,-131.6326,-1.384979,0,0,0),
(@CGUID+134,60,227.5214,-131.4913,-1.384979,0,0,0),
(@CGUID+134,61,229.6185,-130.973,-1.384979,0,0,0),
(@CGUID+134,62,229.7898,-132.542,-1.384979,0,0,0),
(@CGUID+134,63,229.7288,-131.9834,-1.384979,0,0,0),
(@CGUID+134,64,231.8526,-133.4118,-1.384979,0,0,0),
(@CGUID+134,65,226.4134,-130.271,-1.384979,0,0,0),
-- Pathing for Brightscale Wyrm Entry: 24761
(@CGUID+144,1,217.8685,-120.4612,-2.418905,0,0,0),
(@CGUID+144,2,218.8286,-123.2284,-2.418905,0,0,0),
(@CGUID+144,3,217.5849,-125.3128,-2.418905,0,0,0),
(@CGUID+144,4,218.8286,-123.2284,-2.418905,0,0,0),
(@CGUID+144,5,221.892,-124.6191,-2.418905,0,0,0),
(@CGUID+144,6,221.4832,-120.9533,-2.418905,0,0,0),
(@CGUID+144,7,220.7627,-126.3547,-2.418905,0,0,0),
(@CGUID+144,8,221.0485,-124.4439,-2.418905,0,0,0),
(@CGUID+144,9,219.8382,-122.6413,-2.418905,0,0,0),
(@CGUID+144,10,241.7658,-122.9982,-1.152163,0,0,0),
(@CGUID+144,11,241.6333,-123.6372,-1.152163,0,0,0),
(@CGUID+144,12,240.1405,-124.406,-1.152163,0,0,0),
(@CGUID+144,13,243.8633,-119.6297,-1.152163,0,0,0),
(@CGUID+144,14,240.8,-123.8299,-1.152163,0,0,0),
(@CGUID+144,15,242.5997,-121.9926,-1.152163,0,0,0),
(@CGUID+144,16,242.27,-123.6142,-1.152163,0,0,0),
(@CGUID+144,17,240.7255,-124.487,-1.152163,0,0,0),
(@CGUID+144,18,237.3939,-127.7312,-1.152163,0,0,0),
(@CGUID+144,19,240.441,-127.3112,-1.152163,0,0,0),
(@CGUID+144,20,242.2648,-122.0481,-1.152163,0,0,0),
(@CGUID+144,21,241.5607,-123.6689,-1.152163,0,0,0),
(@CGUID+144,22,243.9296,-124.2328,-1.152163,0,0,0),
(@CGUID+144,23,240.8578,-123.28,-1.152163,0,0,0),
(@CGUID+144,24,243.8986,-122.6317,-1.152163,0,0,0),
(@CGUID+144,25,239.4222,-121.9098,-1.152163,0,0,0),
(@CGUID+144,26,241.8397,-123.0148,-1.152163,0,0,0),
(@CGUID+144,27,241.4381,-122.9636,-1.152163,0,0,0),
(@CGUID+144,28,241.6216,-122.6101,-1.152163,0,0,0),
(@CGUID+144,29,240.2175,-120.3502,-1.152163,0,0,0),
(@CGUID+144,30,241.651,-122.8451,-1.152163,0,0,0),
(@CGUID+144,31,242.7094,-123.9214,-1.152163,0,0,0),
(@CGUID+144,32,241.245,-121.7836,-1.152163,0,0,0),
(@CGUID+144,33,242.1788,-122.2774,-1.152163,0,0,0),
(@CGUID+144,34,242.4601,-122.4771,-1.152163,0,0,0),
(@CGUID+144,35,220.8675,-120.7062,-2.891824,0,0,0),
(@CGUID+144,36,234.438,-132.7088,-2.05356,0,0,0),
(@CGUID+144,37,220.8675,-120.7062,-2.891824,0,0,0),
(@CGUID+144,38,219.8517,-117.2257,-2.891824,0,0,0),
(@CGUID+144,39,220.5826,-119.7299,-2.891824,0,0,0),
(@CGUID+144,40,216.4925,-118.9112,-2.891824,0,0,0),
(@CGUID+144,41,221.1629,-123.1487,-2.891824,0,0,0),
(@CGUID+144,42,218.4399,-117.966,-2.891824,0,0,0),
(@CGUID+144,43,221.1006,-122.1497,-2.891824,0,0,0),
(@CGUID+144,44,221.0052,-120.8222,-2.891824,0,0,0),
(@CGUID+144,45,220.2422,-122.2957,-2.83113,0,0,0),
(@CGUID+144,46,220.0532,-121.2024,-2.83113,0,0,0),
(@CGUID+144,47,220.9234,-122.8654,-2.83113,0,0,0),
(@CGUID+144,48,222.5067,-121.1428,-2.83113,0,0,0),
(@CGUID+144,49,223.2653,-119.5742,-2.83113,0,0,0),
(@CGUID+144,50,221.8364,-122.8516,-2.83113,0,0,0),
(@CGUID+144,51,222.6903,-123.9913,-2.83113,0,0,0),
(@CGUID+144,52,216.6101,-118.9536,-2.83113,0,0,0),
(@CGUID+144,53,219.6833,-122.3885,-2.83113,0,0,0),
(@CGUID+144,54,221.0657,-120.2992,-2.83113,0,0,0),
(@CGUID+144,55,219.7695,-125.708,-2.83113,0,0,0),
(@CGUID+144,56,219.8597,-121.1207,-2.83113,0,0,0),
(@CGUID+144,57,233.7168,-132.8622,-1.053889,0,0,0),
(@CGUID+144,58,233.1533,-132.4201,-1.053889,0,0,0),
(@CGUID+144,59,234.6248,-132.7376,-1.053889,0,0,0),
(@CGUID+144,60,233.1963,-128.7449,-1.053889,0,0,0),
(@CGUID+144,61,233.5995,-129.8719,-1.053889,0,0,0),
(@CGUID+144,62,236.2053,-130.6011,-1.053889,0,0,0),
(@CGUID+144,63,233.8276,-133.2019,-1.053889,0,0,0),
(@CGUID+144,64,236.1093,-133.2841,-1.053889,0,0,0),
(@CGUID+144,65,233.5643,-133.7816,-1.053889,0,0,0),
(@CGUID+144,66,231.0577,-130.9554,-1.053889,0,0,0),
(@CGUID+144,67,232.5331,-131.8717,-1.053889,0,0,0),
(@CGUID+144,68,233.8251,-132.6136,-1.053889,0,0,0),
(@CGUID+144,69,234.9657,-131.7984,-1.053889,0,0,0),
(@CGUID+144,70,234.6546,-132.0207,-1.053889,0,0,0),
-- Pathing for Brightscale Wyrm Entry: 24761
(@CGUID+154,1,220.2192,-159.7303,-0.4310739,0,0,0),
(@CGUID+154,2,219.8645,-159.6647,-0.4310739,0,0,0),
(@CGUID+154,3,220.2192,-159.7303,-0.4310739,0,0,0),
(@CGUID+154,4,217.4407,-160.7392,-0.4310739,0,0,0),
(@CGUID+154,5,220.1389,-160.6768,-0.4310739,0,0,0),
(@CGUID+154,6,221.2419,-160.3475,-0.4310739,0,0,0),
(@CGUID+154,7,221.2295,-162.8607,-0.4310739,0,0,0),
(@CGUID+154,8,220.1191,-159.8026,-0.4310739,0,0,0),
(@CGUID+154,9,218.9799,-159.6542,-0.4310739,0,0,0),
(@CGUID+154,10,221.8233,-158.1627,-0.4310739,0,0,0),
(@CGUID+154,11,220.3636,-159.4433,-0.4310739,0,0,0),
(@CGUID+154,12,223.0251,-158.5147,-0.4310739,0,0,0),
(@CGUID+154,13,222.2819,-158.774,-0.4310739,0,0,0),
(@CGUID+154,14,223.2305,-162.386,-0.4310739,0,0,0),
(@CGUID+154,15,218.2531,-162.5005,-0.4310739,0,0,0),
(@CGUID+154,16,219.6944,-160.4463,-0.4310739,0,0,0),
(@CGUID+154,17,221.1554,-158.9441,-0.4310739,0,0,0),
(@CGUID+154,18,220.4049,-159.7158,-0.4310739,0,0,0),
(@CGUID+154,19,219.469,-159.6252,-0.4310739,0,0,0),
(@CGUID+154,20,220.8631,-158.4704,-0.4310739,0,0,0),
(@CGUID+154,21,223.605,-157.2849,-0.4310739,0,0,0),
(@CGUID+154,22,221.246,-159.8728,-0.4310739,0,0,0),
(@CGUID+154,23,219.4723,-160.263,-0.4310739,0,0,0),
(@CGUID+154,24,219.2225,-161.9922,-0.4310739,0,0,0),
(@CGUID+154,25,219.171,-159.2291,-0.4310739,0,0,0),
(@CGUID+154,26,219.4638,-158.2193,-0.4310739,0,0,0),
(@CGUID+154,27,243.4262,-150.6575,-3.069165,0,0,0),
(@CGUID+154,28,243.0804,-151.7214,-3.085554,0,0,0),
(@CGUID+154,29,243.3179,-151.3696,-3.085554,0,0,0),
(@CGUID+154,30,246.853,-152.7106,-3.085554,0,0,0),
(@CGUID+154,31,246.1427,-152.4412,-3.085554,0,0,0),
(@CGUID+154,32,240.1367,-149.226,-3.085554,0,0,0),
(@CGUID+154,33,243.634,-151.1602,-3.085554,0,0,0),
(@CGUID+154,34,233.9289,-171.7999,-4.46487,0,0,0),
(@CGUID+154,35,233.8224,-172.524,-4.46487,0,0,0),
(@CGUID+154,36,236.9059,-170.9791,-4.46487,0,0,0),
(@CGUID+154,37,233.3935,-171.3362,-4.46487,0,0,0),
(@CGUID+154,38,233.382,-173.2951,-4.46487,0,0,0),
(@CGUID+154,39,235.5474,-174.3153,-4.46487,0,0,0),
(@CGUID+154,40,233.382,-173.2951,-4.46487,0,0,0),
(@CGUID+154,41,233.5729,-173.8449,-4.46487,0,0,0),
(@CGUID+154,42,232.7088,-170.77,-4.46487,0,0,0),
(@CGUID+154,43,233.0266,-171.9008,-4.46487,0,0,0),
(@CGUID+154,44,234.165,-174.1197,-4.46487,0,0,0),
(@CGUID+154,45,234.1596,-172.603,-4.46487,0,0,0),
(@CGUID+154,46,234.0865,-171.8158,-4.46487,0,0,0),
(@CGUID+154,47,233.4191,-174.0846,-4.46487,0,0,0),
(@CGUID+154,48,230.203,-170.3139,-4.46487,0,0,0),
(@CGUID+154,49,237.9668,-171.7871,-4.46487,0,0,0),
(@CGUID+154,50,234.9455,-171.0572,-4.46487,0,0,0),
(@CGUID+154,51,233.7168,-171.9599,-4.46487,0,0,0),
(@CGUID+154,52,236.0772,-170.3403,-4.46487,0,0,0),
(@CGUID+154,53,236.1305,-174.2906,-4.46487,0,0,0),
(@CGUID+154,54,233.8951,-174.5491,-4.46487,0,0,0),
(@CGUID+154,55,233.0607,-168.841,-4.46487,0,0,0),
(@CGUID+154,56,243.6305,-150.7659,-3.129228,0,0,0),
(@CGUID+154,57,247.1699,-150.7097,-3.129228,0,0,0),
(@CGUID+154,58,244.0439,-150.9053,-3.129228,0,0,0),
(@CGUID+154,59,246.4662,-153.6847,-3.129228,0,0,0),
(@CGUID+154,60,246.0376,-153.1929,-3.129228,0,0,0),
(@CGUID+154,61,244.4478,-151.9082,-3.129228,0,0,0),
(@CGUID+154,62,241.0864,-150.6784,-3.129228,0,0,0),
(@CGUID+154,63,243.4459,-150.3953,-3.129228,0,0,0),
(@CGUID+154,64,243.6169,-150.7448,-3.129228,0,0,0),
(@CGUID+154,65,243.0653,-152.2316,-3.129228,0,0,0),
(@CGUID+154,66,243.217,-150.0068,-3.129228,0,0,0),
(@CGUID+154,67,240.917,-152.673,-3.129228,0,0,0),
(@CGUID+154,68,245.6204,-152.8318,-3.129228,0,0,0),
-- Pathing for Brightscale Wyrm Entry: 24761
(@CGUID+164,1,242.9133,-149.6281,-2.357512,0,0,0),
(@CGUID+164,2,242.549,-150.0222,-2.357512,0,0,0),
(@CGUID+164,3,241.1403,-150.8263,-2.357512,0,0,0),
(@CGUID+164,4,243.0094,-149.6055,-2.357512,0,0,0),
(@CGUID+164,5,240.7308,-151.6123,-2.357512,0,0,0),
(@CGUID+164,6,241.9989,-148.7953,-2.357512,0,0,0),
(@CGUID+164,7,243.452,-149.5559,-2.357512,0,0,0),
(@CGUID+164,8,242.5811,-150.1616,-2.357512,0,0,0),
(@CGUID+164,9,242.1458,-149.4018,-2.357512,0,0,0),
(@CGUID+164,10,240.8627,-152.8776,-2.357512,0,0,0),
(@CGUID+164,11,242.3759,-149.4941,-2.357512,0,0,0),
(@CGUID+164,12,240.3478,-148.2051,-2.357512,0,0,0),
(@CGUID+164,13,238.45,-148.8365,-2.357512,0,0,0),
(@CGUID+164,14,242.3,-149.0628,-2.357512,0,0,0),
(@CGUID+164,15,240.1096,-153.5433,-2.357512,0,0,0),
(@CGUID+164,16,240.9737,-151.7758,-2.357512,0,0,0),
(@CGUID+164,17,242.1019,-148.9178,-2.623035,0,0,0),
(@CGUID+164,18,241.1743,-148.3761,-2.623035,0,0,0),
(@CGUID+164,19,243.5732,-147.7334,-2.623035,0,0,0),
(@CGUID+164,20,243.8957,-149.8916,-2.623035,0,0,0),
(@CGUID+164,21,239.5636,-148.1591,-2.623035,0,0,0),
(@CGUID+164,22,243.5674,-148.1225,-2.623035,0,0,0),
(@CGUID+164,23,239.9504,-150.799,-2.623035,0,0,0),
(@CGUID+164,24,244.565,-146.5258,-2.623035,0,0,0),
(@CGUID+164,25,242.4917,-148.4774,-2.623035,0,0,0),
(@CGUID+164,26,233.7369,-171.7225,-4.428364,0,0,0),
(@CGUID+164,27,233.8795,-172.4531,-4.428364,0,0,0),
(@CGUID+164,28,234.6946,-170.0179,-4.428364,0,0,0),
(@CGUID+164,29,235.9378,-172.0307,-4.428364,0,0,0),
(@CGUID+164,30,235.3679,-172.1263,-4.428364,0,0,0),
(@CGUID+164,31,229.9064,-167.0176,-4.428364,0,0,0),
(@CGUID+164,32,234.1475,-171.7738,-4.428364,0,0,0),
(@CGUID+164,33,235.5038,-173.7843,-4.428364,0,0,0),
(@CGUID+164,34,235.6461,-172.3278,-4.428364,0,0,0),
(@CGUID+164,35,236.9799,-167.2584,-4.428364,0,0,0),
(@CGUID+164,36,236.8492,-167.8362,-4.428364,0,0,0),
(@CGUID+164,37,234.2769,-169.478,-4.428364,0,0,0),
(@CGUID+164,38,232.7737,-168.9708,-4.428364,0,0,0),
(@CGUID+164,39,234.5573,-172.2908,-4.428364,0,0,0),
(@CGUID+164,40,231.5906,-172.9424,-4.428364,0,0,0),
(@CGUID+164,41,234.0899,-170.0384,-4.428364,0,0,0),
(@CGUID+164,42,234.0326,-173.4226,-4.428364,0,0,0),
(@CGUID+164,43,234.7733,-175.0491,-4.428364,0,0,0),
(@CGUID+164,44,232.2187,-173.7818,-4.451523,0,0,0),
(@CGUID+164,45,235.3105,-170.2177,-4.451523,0,0,0),
(@CGUID+164,46,234.4053,-172.1598,-4.451523,0,0,0),
(@CGUID+164,47,233.8378,-172.1822,-4.451523,0,0,0),
(@CGUID+164,48,235.8407,-170.01,-4.451523,0,0,0),
(@CGUID+164,49,234.287,-172.6582,-4.451523,0,0,0),
(@CGUID+164,50,234.275,-170.0913,-4.451523,0,0,0),
(@CGUID+164,51,234.1225,-171.5241,-4.451523,0,0,0),
(@CGUID+164,52,235.9045,-170.9694,-4.451523,0,0,0),
(@CGUID+164,53,220.3816,-159.5199,-0.4618304,0,0,0),
(@CGUID+164,54,223.8548,-161.7051,-0.4618304,0,0,0),
(@CGUID+164,55,221.7057,-157.1082,-0.4618304,0,0,0),
(@CGUID+164,56,221.4214,-157.3066,-0.4618304,0,0,0),
(@CGUID+164,57,223.2116,-159.8444,-0.4618304,0,0,0),
(@CGUID+164,58,221.4058,-158.6627,-0.4618304,0,0,0),
(@CGUID+164,59,219.6995,-160.5202,-0.4618304,0,0,0),
(@CGUID+164,60,221.4058,-158.6627,-0.4618304,0,0,0),
(@CGUID+164,61,219.1608,-159.0835,-0.4618304,0,0,0),
-- Pathing for Brightscale Wyrm Entry: 24761
(@CGUID+174,1,241.6776,-152.1466,-2.500513,0,0,0),
(@CGUID+174,2,240.8603,-148.0238,-2.500513,0,0,0),
(@CGUID+174,3,244.5897,-151.298,-2.500513,0,0,0),
(@CGUID+174,4,241.9243,-151.208,-2.500513,0,0,0),
(@CGUID+174,5,240.9374,-150.4499,-2.500513,0,0,0),
(@CGUID+174,6,242.8326,-151.8911,-2.500513,0,0,0),
(@CGUID+174,7,245.3842,-150.0197,-2.500513,0,0,0),
(@CGUID+174,8,240.0986,-146.4602,-2.500513,0,0,0),
(@CGUID+174,9,243.9304,-150.1185,-2.500513,0,0,0),
(@CGUID+174,10,244.7202,-151.6929,-2.500513,0,0,0),
(@CGUID+174,11,239.7089,-155.3097,-2.500513,0,0,0),
(@CGUID+174,12,245.7182,-149.9774,-2.500513,0,0,0),
(@CGUID+174,13,244.3801,-151.1623,-2.500513,0,0,0),
(@CGUID+174,14,220.9135,-157.0495,-0.1448872,0,0,0),
(@CGUID+174,15,219.5655,-159.924,-0.1448872,0,0,0),
(@CGUID+174,16,221.8313,-156.6325,-0.1448872,0,0,0),
(@CGUID+174,17,224.0496,-159.5764,-0.1448872,0,0,0),
(@CGUID+174,18,221.7986,-157.3146,-0.1448872,0,0,0),
(@CGUID+174,19,222.9856,-155.9055,-0.1448872,0,0,0),
(@CGUID+174,20,222.4477,-156.5441,-0.1448872,0,0,0),
(@CGUID+174,21,222.0101,-156.3833,-0.1448872,0,0,0),
(@CGUID+174,22,242.1758,-149.133,-2.603722,0,0,0),
(@CGUID+174,23,239.1798,-146.1253,-2.603722,0,0,0),
(@CGUID+174,24,241.2404,-150.6861,-2.603722,0,0,0),
(@CGUID+174,25,241.2354,-148.9349,-2.603722,0,0,0),
(@CGUID+174,26,243.2269,-149.8799,-2.603722,0,0,0),
(@CGUID+174,27,239.9048,-149.079,-2.603722,0,0,0),
(@CGUID+174,28,245.8777,-147.7971,-2.603722,0,0,0),
(@CGUID+174,29,243.2616,-149.5508,-2.603722,0,0,0),
(@CGUID+174,30,243.2362,-148.4445,-2.603722,0,0,0),
(@CGUID+174,31,243.2362,-148.4445,-2.603722,0,0,0),
(@CGUID+174,32,243.2616,-149.5508,-2.603722,0,0,0),
(@CGUID+174,33,241.9434,-148.6663,-2.603722,0,0,0),
(@CGUID+174,34,220.805,-156.7147,-0.1745172,0,0,0),
(@CGUID+174,35,220.7807,-157.497,-0.2236352,0,0,0),
(@CGUID+174,36,218.9883,-154.8609,-0.2236352,0,0,0),
(@CGUID+174,37,224.3917,-158.9869,-0.2236352,0,0,0),
(@CGUID+174,38,223.6336,-158.4025,-0.2236352,0,0,0),
(@CGUID+174,39,220.9617,-154.7722,-0.2236352,0,0,0),
(@CGUID+174,40,221.8341,-155.9575,-0.2236352,0,0,0),
(@CGUID+174,41,219.4303,-155.1764,-0.2236352,0,0,0),
(@CGUID+174,42,218.8416,-154.8735,-0.2236352,0,0,0),
(@CGUID+174,43,231.0163,-172.0904,-4.089886,0,0,0),
(@CGUID+174,44,230.0676,-170.5342,-4.089886,0,0,0),
(@CGUID+174,45,232.1473,-171.7993,-4.089886,0,0,0),
(@CGUID+174,46,233.4866,-173.2113,-4.089886,0,0,0),
(@CGUID+174,47,231.933,-172.5064,-4.089886,0,0,0),
(@CGUID+174,48,230.0409,-172.7282,-4.089886,0,0,0),
(@CGUID+174,49,230.4152,-171.7299,-4.089886,0,0,0),
(@CGUID+174,50,231.7253,-171.488,-4.089886,0,0,0),
(@CGUID+174,51,232.2738,-169.7054,-4.089886,0,0,0),
(@CGUID+174,52,229.2801,-170.4155,-4.089886,0,0,0),
(@CGUID+174,53,231.284,-169.9402,-4.089886,0,0,0),
(@CGUID+174,54,232.1075,-172.9177,-4.089886,0,0,0),
(@CGUID+174,55,229.383,-172.0807,-4.089886,0,0,0),
(@CGUID+174,56,227.8142,-170.6479,-4.089886,0,0,0),
(@CGUID+174,57,229.383,-172.0807,-4.089886,0,0,0),
(@CGUID+174,58,219.8354,-160.0642,-0.5317087,0,0,0),
(@CGUID+174,59,223.1805,-157.015,-0.6531,0,0,0),
(@CGUID+174,60,219.6009,-161.2694,-0.6531,0,0,0),
(@CGUID+174,61,219.469,-161.9737,-0.6531,0,0,0),
(@CGUID+174,62,218.4319,-157.829,-0.6531,0,0,0),
(@CGUID+174,63,221.7904,-160.266,-0.6531,0,0,0),
(@CGUID+174,64,218.1618,-162.015,-0.6531,0,0,0),
(@CGUID+174,65,217.702,-161.4277,-0.6531,0,0,0),
(@CGUID+174,66,220.4737,-160.8319,-0.6531,0,0,0),
(@CGUID+174,67,221.158,-158.6697,-0.6531,0,0,0),
(@CGUID+174,68,220.7979,-159.0413,-0.6531,0,0,0),
(@CGUID+174,69,219.7377,-160.1916,-0.6531,0,0,0),
(@CGUID+174,70,219.783,-157.5943,-0.6531,0,0,0),
(@CGUID+174,71,219.7554,-159.1726,-0.6531,0,0,0),
(@CGUID+174,72,218.4157,-162.7512,-0.6531,0,0,0),
(@CGUID+174,73,216.6945,-162.8136,-0.6531,0,0,0),
(@CGUID+174,74,219.8712,-160.8069,-0.6531,0,0,0),
(@CGUID+174,75,218.4153,-161.5821,-0.6531,0,0,0),
-- Pathing for Sunblade Sentinel Entry: 24777
(@CGUID+184,1,108.8539,-214.7493,-21.34248,100,10000,0),
(@CGUID+184,2,137.1301,-214.6663,-21.31514,100,10000,0),
-- Pathing for Sunblade Sentinel Entry: 24777
(@CGUID+185,1,126.9425,-78.26541,-21.34248,100,0,0),
(@CGUID+185,2,127.2253,-40.66379,-21.63433,100,0,0),
-- Pathing for Sunblade Sentinel Entry: 24777
(@CGUID+186,1,186.5866,-214.0387,-9.342481,100,10000,0),
(@CGUID+186,2,166.6635,-214.2589,-9.342482,100,10000,0),
-- Pathing for Shadowsword Guardian Sunwell Entry: 25954
(@CGUID+199,1,-29.9643,-679.0174,-58.61754,0,0,0),
(@CGUID+199,2,-3.04655,-674.1744,-58.49572,0,0,0),
(@CGUID+199,3,16.65549,-664.9963,-58.49575,0,0,0),
(@CGUID+199,4,32.32454,-650.3734,-58.49578,0,0,0),
(@CGUID+199,5,41.45269,-635.1417,-58.49582,0,0,0),
(@CGUID+199,6,51.34364,-615.2219,-58.49589,0,0,0),
(@CGUID+199,7,37.35156,-643.2943,-58.49583,0,0,0),
(@CGUID+199,8,24.71398,-659.2474,-58.49576,0,0,0),
(@CGUID+199,9,-2.665582,-673.2278,-58.49572,0,0,0),
-- Scripting for Hand of the Deceiver Sunwell Entry: 25955
(@CGUID+200,1,-13.15061,-611.9959,-64.036,2.303835,2000,2595501),
-- Scripting for Hand of the Deceiver Sunwell Entry: 25955
(@CGUID+201,1,-33.69727,-615.4181,-63.93007,1.012291,2000,2595501),
-- Scripting for Hand of the Deceiver Sunwell Entry: 25955
(@CGUID+202,1,-9.730144,-591.0687,-64.02485,3.787364,2000,2595501),
-- Pathing for Chaos Gazer Sunwell Entry: 25956
(@CGUID+203,1,17.69575,-399.0616,-59.79766,0,0,0),
(@CGUID+203,2,28.6212,-384.736,-59.80217,0,0,0),
(@CGUID+203,3,39.58312,-371.7543,-59.79361,0,0,0),
(@CGUID+203,4,56.44206,-360.755,-59.79154,0,0,0),
(@CGUID+203,5,62.76606,-361.4738,-59.79067,0,0,0),
(@CGUID+203,6,39.87739,-373.8166,-59.79502,0,0,0),
(@CGUID+203,7,28.83691,-385.5052,-59.80281,0,0,0),
-- Pathing for Chaos Gazer Sunwell Entry: 25956
(@CGUID+204,1,119.3688,-384.1711,-59.78466,0,0,0),
(@CGUID+204,2,126.5589,-395.7624,-59.78468,0,0,0),
(@CGUID+204,3,118.7832,-381.9379,-59.78466,0,0,0),
(@CGUID+204,4,92.9872,-365.5581,-59.78463,0,0,0),
(@CGUID+204,5,80.06782,-361.1969,-59.78775,0,0,0),
(@CGUID+204,6,110.9259,-374.3454,-59.78466,0,0,0),
(@CGUID+204,7,119.3688,-384.1711,-59.78466,0,0,0),
-- Pathing for Cataclysm Hound Sunwell Entry: 25957
(@CGUID+205,1,90.21104,-377.7879,-27.19418,0,0,0),
(@CGUID+205,2,77.4056,-376.5636,-23.64091,0,0,0),
(@CGUID+205,3,65.57172,-379.6028,-20.73773,0,0,0),
(@CGUID+205,4,77.33607,-375.9886,-23.63491,0,0,0),
(@CGUID+205,5,90.55422,-377.9637,-27.2799,0,0,0),
(@CGUID+205,6,103.1383,-384.2782,-30.31114,0,0,0),
(@CGUID+205,7,113.7965,-395.6517,-33.41961,0,0,0),
(@CGUID+205,8,117.9446,-407.903,-36.20884,0,0,0),
(@CGUID+205,9,113.7965,-395.6517,-33.41961,0,0,0),
(@CGUID+205,10,102.4298,-383.8332,-30.17113,0,0,0),
-- Pathing for Cataclysm Hound Sunwell Entry: 25957
(@CGUID+206,1,118.0223,-421.9384,-39.00083,0,0,0),
(@CGUID+206,2,112.4766,-436.349,-42.15494,0,0,0),
(@CGUID+206,3,97.64323,-449.1096,-46.1077,0,0,0),
(@CGUID+206,4,80.44022,-454.7132,-49.43898,0,0,0),
(@CGUID+206,5,63.57574,-453.3959,-52.95934,0,0,0),
(@CGUID+206,6,48.47157,-446.1316,-57.71296,0,0,0),
(@CGUID+206,7,63.57574,-453.3959,-52.95934,0,0,0),
(@CGUID+206,8,80.44022,-454.7132,-49.43898,0,0,0),
(@CGUID+206,9,97.64323,-449.1096,-46.1077,0,0,0),
(@CGUID+206,10,112.4766,-436.349,-42.15494,0,0,0);

DELETE FROM `creature_movement_template` WHERE `entry` IN (24762,24781);
INSERT INTO `creature_movement_template` (`entry`, `pathId`, `point`, `position_x`, `position_y`, `position_z`, `orientation`, `waittime`, `script_id`) VALUES
-- Sunblade Keeper 24762 - handled by creature_linking_template FLAG_FOLLOW atm
-- (24762, 0, 1, 231.5867, -141.90886, -9.290644, 100, 0, 0),
-- (24762, 0, 2, 232.50551, -157.80933, -9.297567, 100, 0, 0),
-- (24762, 0, 3, 232.14069, -172.21246, -9.353727, 100, 0, 0),
-- (24762, 0, 4, 231.80626, -192.30945, -9.375409, 100, 0, 0),
-- (24762, 0, 5, 225.66975, -204.59773, -6.342481, 100, 0, 0),
-- (24762, 0, 6, 221.6135, -215.39893, -6.342481, 100, 0, 0),
-- (24762, 0, 7, 226.18652, -226.44984, -6.342481, 100, 0, 0),
-- (24762, 0, 8, 229.17464, -235.99648, -6.3424807, 100, 0, 0),
-- (24762, 0, 9, 227.92003, -239.52887, -6.245849, 100, 0, 0),
-- (24762, 0, 10, 221.04224, -239.69154, -5.844395, 100, 0, 0),
-- (24762, 0, 11, 221.1894, -245.72404, -5.890924, 100, 0, 0),
-- (24762, 0, 12, 230.49236, -245.70107, -6.2319875, 100, 0, 0),
-- (24762, 0, 13, 227.90315, -260.1953, -7.287868, 100, 0, 0),
-- (24762, 0, 14, 227.0436, -267.96893, -8.293717, 100, 0, 1),

-- Pathing for Nether Energy Entry: 24781
(24781, 0, 1, 230.41905, -255.71986, -5.4297557, 100, 0, 0),
(24781, 0, 2, 230.98476, -249.74254, -5.3424807, 100, 0, 0),
(24781, 0, 3, 229.57373, -246.40321, -5.2685146, 100, 0, 0),
(24781, 0, 4, 226.11958, -245.42079, -5.270037, 100, 0, 0),
(24781, 0, 5, 221.18037, -244.62898, -4.863599, 100, 0, 0),
(24781, 0, 6, 220.02832, -240.28676, -4.7957816, 100, 0, 0),
(24781, 0, 7, 227.01181, -239.55186, -5.3424807, 100, 0, 0),
(24781, 0, 8, 230.75093, -234.71324, -5.342481, 100, 0, 0),
(24781, 0, 9, 226.84007, -228.8834, -5.342481, 100, 0, 0),
(24781, 0, 10, 220.94539, -217.47504, -5.342481, 100, 0, 0),
(24781, 0, 11, 223.42242, -203.97375, -5.342481, 100, 0, 0),
(24781, 0, 12, 231.43335, -191.53998, -8.345167, 100, 0, 0),
(24781, 0, 13, 231.66206, -166.9854, -8.342498, 100, 0, 0),
(24781, 0, 14, 231.25632, -149.60307, -8.246367, 100, 0, 0),
(24781, 0, 15, 231.46184, -135.47028, -8.325504, 100, 0, 0),
(24781, 0, 16, 231.77934, -135.23232, -2.0535603, 100, 1, 2478101);
-- (24781, 0, 17, 231.77934, -135.25781, -9.328548, 100, 1, 1); -- Falls to Ground on Death

DELETE FROM `creature_movement_template` WHERE `entry` IN (24844);
INSERT INTO `creature_movement_template` (`entry`,`pathId`,`point`,`position_x`,`position_y`,`position_z`,`waittime`,`script_id`,`orientation`) VALUES
(24844,1,1,165.9681,-408.1578,-11.50428,0,0,100),
(24844,1,2,164.3802,-397.1771,2.083333,0,0,100),
(24844,1,3,162.7923,-386.1964,15.67094,0,0,100),
(24844,1,4,151.5555,-345.349,5.92646,0,0,100),
(24844,1,5,162.2416,-299.8032,-5.436685,0,0,100),
(24844,1,7,199.7482,-272.3315,-8.186677,1000,0,100); -- make it -7.186677 from wotlk onwards because hoverheight

INSERT INTO `creature_addon` (`guid`, `mount`, `bytes1`, `b2_0_sheath`, `b2_1_flags`, `emote`, `moveflags`, `auras`) VALUES
(@CGUID+14, 0, 0, 1, 16, 0, 0, '32567'), -- Invisible Stalker
(@CGUID+32, 0, 0, 1, 16, 69, 0, NULL), -- creature_spawn_entry
(@CGUID+35, 0, 0, 1, 16, 69, 0, NULL), -- creature_spawn_entry
(@CGUID+41, 0, 0, 1, 16, 69, 0, NULL), -- creature_spawn_entry
(@CGUID+46, 0, 0, 1, 16, 28, 0, NULL), -- creature_spawn_entry
(@CGUID+55, 0, 0, 1, 16, 69, 0, NULL), -- creature_spawn_entry
(@CGUID+62, 0, 0, 1, 16, 69, 0, NULL), -- creature_spawn_entry
(@CGUID+63, 0, 1, 1, 16, 0, 0, NULL), -- creature_spawn_entry
(@CGUID+67, 0, 0, 1, 16, 69, 0, NULL), -- creature_spawn_entry
(@CGUID+75, 0, 0, 1, 16, 69, 0, NULL), -- creature_spawn_entry
(@CGUID+80, 0, 0, 1, 16, 69, 0, NULL), -- Sunblade Physician
(@CGUID+84, 0, 0, 1, 16, 69, 0, NULL), -- Sunblade Physician
(@CGUID+88, 0, 1, 1, 16, 0, 0, NULL), -- Wretched Skulker
(@CGUID+90, 0, 1, 1, 16, 0, 0, NULL), -- Wretched Bruiser
(@CGUID+92, 0, 1, 1, 16, 0, 0, NULL), -- Wretched Bruiser
(@CGUID+93, 0, 1, 1, 16, 0, 0, NULL), -- creature_spawn_entry
(@CGUID+94, 0, 0, 1, 16, 398, 0, NULL), -- creature_spawn_entry
(@CGUID+99, 0, 0, 1, 16, 398, 0, NULL), -- creature_spawn_entry
(@CGUID+196, 0, 7, 1, 16, 0, 0, NULL); -- Tyrith

REPLACE INTO `creature_template_addon` (`entry`, `mount`, `bytes1`, `b2_0_sheath`, `b2_1_flags`, `emote`, `moveflags`, `auras`) VALUES
(24560, 0, 0, 1, 16, 0, 0, '46025'), -- Priestess Delrissa
(24685, 0, 0, 1, 16, 0, 0, '44604'), -- Sunblade Magister
(24722, 0, 0, 1, 16, 0, 0, '25900'), -- Fel Crystal
(24723, 0, 0, 1, 16, 64, 0, '42459'), -- Selin Fireheart
(24777, 0, 0, 1, 16, 0, 0, NULL), -- Sunblade Sentinel
(24781, 0, 0, 0, 0, 0, 0, NULL), -- Nether Energy
(24808, 0, 0, 1, 16, 0, 0, '29266'), -- Broken Sentinel
(25955, 0, 0, 1, 16, 0, 0, NULL), -- Hand of the Deceiver Sunwell
(25958, 0, 0, 1, 16, 0, 0, NULL), -- Volatile Felfire Fiend Sunwell -- ss.47067
(26057, 0, 0, 1, 16, 0, 0, '46410'), -- Anveena Marker
(26579, 0, 0, 1, 16, 0, 0, '46367'); -- Anveena Replica

INSERT INTO `creature_linking` (`guid`, `master_guid`, `flag`) VALUES
-- Selin Fireheart
(@CGUID+48, @CGUID+13, 512), -- creature_spawn_entry -> Invisible Stalker
(@CGUID+74, @CGUID+13, 512), -- creature_spawn_entry -> Invisible Stalker
(@CGUID+33, @CGUID+34, 1155), -- Sunblade Mage Guard -> Sunblade Mage Guard
(@CGUID+27, @CGUID+78, 1155), -- Sunblade Mage Guard -> Sunblade Physician
(@CGUID+40, @CGUID+78, 1155), -- Sunblade Blood Knight -> Sunblade Physician
(@CGUID+57, @CGUID+78, 1155), -- Sunblade Magister -> Sunblade Physician
(@CGUID+28, @CGUID+79, 1155), -- Sunblade Mage Guard -> Sunblade Physician
(@CGUID+42, @CGUID+79, 1155), -- Sunblade Blood Knight -> Sunblade Physician
(@CGUID+68, @CGUID+79, 1155), -- Sunblade Warlock -> Sunblade Physician
(@CGUID+49, @CGUID+85, 1155), -- creature_spawn_entry -> Sunblade Physician
(@CGUID+61, @CGUID+85, 1155), -- creature_spawn_entry -> Sunblade Physician
(@CGUID+76, @CGUID+85, 1155), -- Sunblade Warlock -> Sunblade Physician
(@CGUID+94, @CGUID+99, 1155), -- creature_spawn_entry -> creature_spawn_entry
(@CGUID+99, @CGUID+117, 1), -- creature_spawn_entry -> Selin Fireheart
(@CGUID+86, @CGUID+98, 1155), -- Wretched Skulker -> Wretched Husk
(@CGUID+87, @CGUID+98, 1155), -- creature_spawn_entry -> Wretched Husk
(@CGUID+90, @CGUID+98, 1155), -- Wretched Bruiser -> Wretched Husk
(@CGUID+93, @CGUID+98, 1155), -- creature_spawn_entry -> Wretched Husk
(@CGUID+97, @CGUID+98, 1155), -- Wretched Husk -> Wretched Husk
(@CGUID+98, @CGUID+117, 1), -- Wretched Husk -> Selin Fireheart
(@CGUID+88, @CGUID+96, 1155), -- Wretched Skulker -> Wretched Husk
(@CGUID+89, @CGUID+96, 1155), -- Wretched Skulker -> Wretched Husk
(@CGUID+91, @CGUID+96, 1155), -- Wretched Bruiser -> Wretched Husk
(@CGUID+92, @CGUID+96, 1155), -- Wretched Bruiser -> Wretched Husk
(@CGUID+95, @CGUID+96, 1155), -- Wretched Husk -> Wretched Husk
(@CGUID+96, @CGUID+117, 1), -- Wretched Husk -> Selin Fireheart
-- Vexallus
(@CGUID+125, @CGUID+124, 1679), -- Brightscale Wyrm -> Brightscale Wyrm
(@CGUID+126, @CGUID+124, 1679), -- Brightscale Wyrm -> Brightscale Wyrm
(@CGUID+127, @CGUID+124, 1679), -- Brightscale Wyrm -> Brightscale Wyrm
(@CGUID+128, @CGUID+124, 1679), -- Brightscale Wyrm -> Brightscale Wyrm
(@CGUID+129, @CGUID+124, 1679), -- Brightscale Wyrm -> Brightscale Wyrm
(@CGUID+130, @CGUID+124, 1679), -- Brightscale Wyrm -> Brightscale Wyrm
(@CGUID+131, @CGUID+124, 1679), -- Brightscale Wyrm -> Brightscale Wyrm
(@CGUID+132, @CGUID+124, 1679), -- Brightscale Wyrm -> Brightscale Wyrm
(@CGUID+133, @CGUID+124, 1679), -- Brightscale Wyrm -> Brightscale Wyrm
(@CGUID+135, @CGUID+134, 1679), -- Brightscale Wyrm -> Brightscale Wyrm
(@CGUID+136, @CGUID+134, 1679), -- Brightscale Wyrm -> Brightscale Wyrm
(@CGUID+137, @CGUID+134, 1679), -- Brightscale Wyrm -> Brightscale Wyrm
(@CGUID+138, @CGUID+134, 1679), -- Brightscale Wyrm -> Brightscale Wyrm
(@CGUID+139, @CGUID+134, 1679), -- Brightscale Wyrm -> Brightscale Wyrm
(@CGUID+140, @CGUID+134, 1679), -- Brightscale Wyrm -> Brightscale Wyrm
(@CGUID+141, @CGUID+134, 1679), -- Brightscale Wyrm -> Brightscale Wyrm
(@CGUID+142, @CGUID+134, 1679), -- Brightscale Wyrm -> Brightscale Wyrm
(@CGUID+143, @CGUID+134, 1679), -- Brightscale Wyrm -> Brightscale Wyrm
(@CGUID+145, @CGUID+144, 1679), -- Brightscale Wyrm -> Brightscale Wyrm
(@CGUID+146, @CGUID+144, 1679), -- Brightscale Wyrm -> Brightscale Wyrm
(@CGUID+147, @CGUID+144, 1679), -- Brightscale Wyrm -> Brightscale Wyrm
(@CGUID+148, @CGUID+144, 1679), -- Brightscale Wyrm -> Brightscale Wyrm
(@CGUID+149, @CGUID+144, 1679), -- Brightscale Wyrm -> Brightscale Wyrm
(@CGUID+150, @CGUID+144, 1679), -- Brightscale Wyrm -> Brightscale Wyrm
(@CGUID+151, @CGUID+144, 1679), -- Brightscale Wyrm -> Brightscale Wyrm
(@CGUID+152, @CGUID+144, 1679), -- Brightscale Wyrm -> Brightscale Wyrm
(@CGUID+153, @CGUID+144, 1679), -- Brightscale Wyrm -> Brightscale Wyrm
(@CGUID+155, @CGUID+154, 1679), -- Brightscale Wyrm -> Brightscale Wyrm
(@CGUID+156, @CGUID+154, 1679), -- Brightscale Wyrm -> Brightscale Wyrm
(@CGUID+157, @CGUID+154, 1679), -- Brightscale Wyrm -> Brightscale Wyrm
(@CGUID+158, @CGUID+154, 1679), -- Brightscale Wyrm -> Brightscale Wyrm
(@CGUID+159, @CGUID+154, 1679), -- Brightscale Wyrm -> Brightscale Wyrm
(@CGUID+160, @CGUID+154, 1679), -- Brightscale Wyrm -> Brightscale Wyrm
(@CGUID+161, @CGUID+154, 1679), -- Brightscale Wyrm -> Brightscale Wyrm
(@CGUID+162, @CGUID+154, 1679), -- Brightscale Wyrm -> Brightscale Wyrm
(@CGUID+163, @CGUID+154, 1679), -- Brightscale Wyrm -> Brightscale Wyrm
(@CGUID+165, @CGUID+164, 1679), -- Brightscale Wyrm -> Brightscale Wyrm
(@CGUID+166, @CGUID+164, 1679), -- Brightscale Wyrm -> Brightscale Wyrm
(@CGUID+167, @CGUID+164, 1679), -- Brightscale Wyrm -> Brightscale Wyrm
(@CGUID+168, @CGUID+164, 1679), -- Brightscale Wyrm -> Brightscale Wyrm
(@CGUID+169, @CGUID+164, 1679), -- Brightscale Wyrm -> Brightscale Wyrm
(@CGUID+170, @CGUID+164, 1679), -- Brightscale Wyrm -> Brightscale Wyrm
(@CGUID+171, @CGUID+164, 1679), -- Brightscale Wyrm -> Brightscale Wyrm
(@CGUID+172, @CGUID+164, 1679), -- Brightscale Wyrm -> Brightscale Wyrm
(@CGUID+173, @CGUID+164, 1679), -- Brightscale Wyrm -> Brightscale Wyrm
(@CGUID+175, @CGUID+174, 1679), -- Brightscale Wyrm -> Brightscale Wyrm
(@CGUID+176, @CGUID+174, 1679), -- Brightscale Wyrm -> Brightscale Wyrm
(@CGUID+177, @CGUID+174, 1679), -- Brightscale Wyrm -> Brightscale Wyrm
(@CGUID+178, @CGUID+174, 1679), -- Brightscale Wyrm -> Brightscale Wyrm
(@CGUID+179, @CGUID+174, 1679), -- Brightscale Wyrm -> Brightscale Wyrm
(@CGUID+180, @CGUID+174, 1679), -- Brightscale Wyrm -> Brightscale Wyrm
(@CGUID+181, @CGUID+174, 1679), -- Brightscale Wyrm -> Brightscale Wyrm
(@CGUID+182, @CGUID+174, 1679), -- Brightscale Wyrm -> Brightscale Wyrm
(@CGUID+183, @CGUID+174, 1679), -- Brightscale Wyrm -> Brightscale Wyrm
-- Priestess Delrissa
(@CGUID+69, @CGUID+29, 1155), -- Sunblade Warlock -> Sunblade Mage Guard
(@CGUID+81, @CGUID+29, 1155), -- Sunblade Physician -> Sunblade Mage Guard
(@CGUID+100, @CGUID+29, 1155), -- Coilskar Witch -> Sunblade Mage Guard
(@CGUID+105, @CGUID+29, 1155), -- Sister of Torment -> Sunblade Mage Guard
(@CGUID+54, @CGUID+37, 1155), -- Sunblade Magister -> Sunblade Blood Knight
(@CGUID+65, @CGUID+37, 1155), -- Sunblade Warlock -> Sunblade Blood Knight
(@CGUID+103, @CGUID+37, 1155), -- Sister of Torment -> Sunblade Blood Knight
(@CGUID+108, @CGUID+37, 1155), -- Ethereum Smuggler -> Sunblade Blood Knight
(@CGUID+53, @CGUID+39, 1155), -- Sunblade Magister -> Sunblade Blood Knight
(@CGUID+66, @CGUID+39, 1155), -- Sunblade Warlock -> Sunblade Blood Knight
(@CGUID+104, @CGUID+39, 1155), -- Sister of Torment -> Sunblade Blood Knight
(@CGUID+109, @CGUID+39, 1155), -- Ethereum Smuggler -> Sunblade Blood Knight
(@CGUID+55, @CGUID+41, 1155), -- creature_spawn_entry -> creature_spawn_entry
(@CGUID+67, @CGUID+41, 1155), -- creature_spawn_entry -> creature_spawn_entry
(@CGUID+80, @CGUID+41, 1155), -- Sunblade Physician -> creature_spawn_entry
(@CGUID+58, @CGUID+43, 1155), -- Sunblade Magister -> Sunblade Blood Knight
(@CGUID+70, @CGUID+43, 1155), -- Sunblade Warlock -> Sunblade Blood Knight
(@CGUID+82, @CGUID+43, 1155), -- Sunblade Physician -> Sunblade Blood Knight
(@CGUID+45, @CGUID+30, 1155), -- Sunblade Blood Knight -> Sunblade Mage Guard
(@CGUID+60, @CGUID+30, 1155), -- Sunblade Magister -> Sunblade Mage Guard
(@CGUID+72, @CGUID+30, 1155), -- Sunblade Warlock -> Sunblade Mage Guard
(@CGUID+38, @CGUID+26, 1155), -- Sunblade Blood Knight -> Sunblade Mage Guard
(@CGUID+52, @CGUID+26, 1155), -- Sunblade Magister -> Sunblade Mage Guard
(@CGUID+64, @CGUID+26, 1155), -- Sunblade Warlock -> Sunblade Mage Guard
(@CGUID+102, @CGUID+26, 1155), -- Sister of Torment -> Sunblade Mage Guard
(@CGUID+50, @CGUID+36, 1155), -- Sunblade Blood Knight -> Sunblade Mage Guard
(@CGUID+51, @CGUID+36, 1155), -- Sunblade Magister -> Sunblade Mage Guard
(@CGUID+77, @CGUID+36, 1155), -- Sunblade Warlock -> Sunblade Mage Guard
(@CGUID+59, @CGUID+47, 1155), -- Sunblade Magister -> Sunblade Blood Knight
(@CGUID+73, @CGUID+47, 1155), -- Sunblade Warlock -> Sunblade Blood Knight
(@CGUID+107, @CGUID+47, 1155), -- Sister of Torment -> Sunblade Blood Knight
(@CGUID+111, @CGUID+47, 1155), -- Ethereum Smuggler -> Sunblade Blood Knight
(@CGUID+62, @CGUID+35, 1155), -- creature_spawn_entry -> creature_spawn_entry
(@CGUID+84, @CGUID+75, 1155), -- Sunblade Physician -> creature_spawn_entry
(@CGUID+63, @CGUID+32, 1155), -- creature_spawn_entry -> creature_spawn_entry
(@CGUID+83, @CGUID+46, 1155), -- Sunblade Physician -> creature_spawn_entry
(@CGUID+44, @CGUID+31, 1167), -- creature_spawn_entry -> Sunblade Mage Guard
(@CGUID+71, @CGUID+31, 1167), -- Sunblade Warlock -> Sunblade Mage Guard
(@CGUID+101, @CGUID+31, 1167), -- creature_spawn_entry -> Sunblade Mage Guard
(@CGUID+106, @CGUID+31, 1167), -- Sister of Torment -> Sunblade Mage Guard
(@CGUID+110, @CGUID+31, 1167); -- Ethereum Smuggler -> Sunblade Mage Guard

REPLACE INTO `creature_linking_template` (`entry`, `map`, `master_entry`, `flag`, `search_range`) VALUES
(24553, 585, 24560, 11, 0), -- Apoko -> Priestess Delrissa
(24554, 585, 24560, 11, 0), -- Eramas Brightblaze -> Priestess Delrissa
(24555, 585, 24560, 11, 0), -- Garaxxas -> Priestess Delrissa
(24556, 585, 24560, 11, 0), -- Zelfan -> Priestess Delrissa
(24557, 585, 24560, 11, 0), -- Kagani Nightstrike -> Priestess Delrissa
(24558, 585, 24560, 11, 0), -- Ellrys Duskhallow -> Priestess Delrissa
(24559, 585, 24560, 11, 0), -- Warlord Salaris -> Priestess Delrissa
(24561, 585, 24560, 11, 0), -- Yazzai -> Priestess Delrissa
(24722, 585, 24723, 1184, 0), -- Fel Crystal -> Selin Fireheart
(24762, 585, 24781, 9868, 0), -- Sunblade Keeper -> Nether Energy
(24781, 585, 24744, 1041, 0), -- Nether Energy -> Vexallus
(24675, 585, 24664, 4096, 0); -- Phoenix Egg -> Kael'thas Sunstrider

INSERT INTO `creature_spawn_entry` (`guid`, `entry`) VALUES
(@CGUID+32, 24683), (@CGUID+32, 24684), (@CGUID+32, 24686), -- Sunblade Mage Guard, Sunblade Blood Knight, Sunblade Warlock
(@CGUID+35, 24683), (@CGUID+35, 24684), -- Sunblade Mage Guard, Sunblade Blood Knight
(@CGUID+41, 24683), (@CGUID+41, 24684), -- Sunblade Mage Guard, Sunblade Blood Knight
(@CGUID+44, 24684), (@CGUID+44, 24685), -- Sunblade Blood Knight, Sunblade Magister
(@CGUID+46, 24684), (@CGUID+46, 24686), -- Sunblade Blood Knight, Sunblade Warlock
(@CGUID+48, 24684), (@CGUID+48, 24687), -- Sunblade Blood Knight, Sunblade Physician
(@CGUID+49, 24684), (@CGUID+49, 24685), -- Sunblade Blood Knight, Sunblade Magister
(@CGUID+55, 24685), (@CGUID+55, 24686), -- Sunblade Magister, Sunblade Warlock
(@CGUID+61, 24683), (@CGUID+61, 24685), -- Sunblade Mage Guard, Sunblade Magister
(@CGUID+62, 24685), (@CGUID+62, 24687), -- Sunblade Magister, Sunblade Physician
(@CGUID+63, 24685), (@CGUID+63, 24687), -- Sunblade Magister, Sunblade Physician
(@CGUID+67, 24684), (@CGUID+67, 24686), -- Sunblade Blood Knight, Sunblade Warlock
(@CGUID+74, 24685), (@CGUID+74, 24686), -- Sunblade Magister, Sunblade Warlock
(@CGUID+75, 24684), (@CGUID+75, 24686), -- Sunblade Blood Knight, Sunblade Warlock
(@CGUID+87, 24688), (@CGUID+87, 24689), -- Wretched Skulker, Wretched Bruiser
(@CGUID+93, 24688), (@CGUID+93, 24689), -- Wretched Skulker, Wretched Bruiser
(@CGUID+94, 24688), (@CGUID+94, 24689), -- Wretched Skulker, Wretched Bruiser
(@CGUID+99, 24688), (@CGUID+99, 24690), -- Wretched Skulker, Wretched Husk
(@CGUID+101, 24687), (@CGUID+101, 24696); -- Sunblade Physician, Coilskar Witch

INSERT INTO `creature` (`guid`, `id`, `map`, `spawnMask`, `position_x`, `position_y`, `position_z`, `orientation`, `spawntimesecsmin`, `spawntimesecsmax`, `spawndist`, `currentwaypoint`, `DeathState`, `MovementType`) VALUES
(@CGUID+1, 1412, 585, 3, 106.8108, -32.7257, 2.083333, 0.5340122, 7200, 7200, 15, 0, 0, 1), -- Squirrel
(@CGUID+2, 1412, 585, 3, 106.8108, -32.7257, 2.083333, 4.726144, 7200, 7200, 15, 0, 0, 1), -- Squirrel
(@CGUID+3, 1412, 585, 3, 134.0208, 47.47222, 2.083333, 0.5374963, 7200, 7200, 15, 0, 0, 1), -- Squirrel
(@CGUID+4, 1412, 585, 3, 139.5556, -101.4028, 2.083333, 5.063625, 7200, 7200, 15, 0, 0, 1), -- Squirrel
(@CGUID+5, 1412, 585, 3, 139.5556, -101.4028, 2.083333, 0.1035944, 7200, 7200, 15, 0, 0, 1), -- Squirrel
(@CGUID+6, 1412, 585, 3, 147.8576, -17.88368, 1.06835, 3.857178, 7200, 7200, 15, 0, 0, 1), -- Squirrel
(@CGUID+7, 1412, 585, 3, 148.4375, 22.05382, 2.083333, 4.333125, 7200, 7200, 15, 0, 0, 1), -- Squirrel
(@CGUID+8, 1412, 585, 3, 151.9707, -143.6572, -20.5421, 1.909483, 7200, 7200, 15, 0, 0, 1), -- Squirrel
(@CGUID+9, 1412, 585, 3, 175.8073, -246.6042, 2.083333, 2.916472, 7200, 7200, 15, 0, 0, 1), -- Squirrel
(@CGUID+10, 1412, 585, 3, 197.6823, -265.8715, 2.083333, 0.40194, 7200, 7200, 15, 0, 0, 1), -- Squirrel
(@CGUID+11, 1412, 585, 3, 247.6424, -270.8698, 1.068562, 2.792527, 7200, 7200, 15, 0, 0, 1), -- Squirrel
(@CGUID+12, 1412, 585, 3, 98.54688, -124.059, 1.068441, 1.780236, 7200, 7200, 15, 0, 0, 1), -- Squirrel
(@CGUID+13, 15214, 585, 3, 161.8922, 0.6690736, -2.542481, 3.037658, 7200, 7200, 0, 0, 0, 2), -- Invisible Stalker
(@CGUID+14, 15214, 585, 3, 233.6343, 0.124132, -2.889374, 4.642576, 7200, 7200, 0, 0, 0, 0), -- Invisible Stalker
(@CGUID+15, 22515, 585, 3, 127.0235, 13.84545, -19.92154, 4.485496, 7200, 7200, 0, 0, 0, 0), -- World Trigger
(@CGUID+16, 22515, 585, 3, 217.8872, -120.4618, -3.131945, 3.717551, 7200, 7200, 0, 0, 0, 0), -- World Trigger
(@CGUID+17, 22515, 585, 3, 218.0174, -157.776, 0.1458333, 5.864306, 7200, 7200, 0, 0, 0, 0), -- World Trigger
(@CGUID+18, 22515, 585, 3, 231.8299, -135.1944, -1.055556, 3.682645, 7200, 7200, 0, 0, 0, 0), -- World Trigger
(@CGUID+19, 22515, 585, 3, 232.6823, -174.5226, -4.645833, 1.064651, 7200, 7200, 0, 0, 0, 0), -- World Trigger
(@CGUID+20, 22515, 585, 3, 244.7604, -123.0469, -0.9791667, 3.438299, 7200, 7200, 0, 0, 0, 0), -- World Trigger
(@CGUID+21, 22515, 585, 3, 244.9653, -148.0851, -2.951389, 4.363323, 7200, 7200, 0, 0, 0, 0), -- World Trigger
(@CGUID+22, 23746, 585, 3, -27.14149, -513.2466, -20.52373, 3.909538, 7200, 7200, 0, 0, 0, 0), -- Zul'Aman Exterior InvisMan
(@CGUID+23, 23746, 585, 3, 242.7369, -274.2096, -8.432282, 2.321288, 7200, 7200, 0, 0, 0, 0), -- Zul'Aman Exterior InvisMan
(@CGUID+24, 24560, 585, 3, 126.9013, 19.15473, -19.92155, 4.747295, 86400, 86400, 0, 0, 0, 0), -- Priestess Delrissa
(@CGUID+25, 24664, 585, 3, 148.5494, 186.9807, -16.64409, 4.747295, 86400, 86400, 0, 0, 0, 0), -- Kael'thas Sunstrider
(@CGUID+26, 24683, 585, 3, 103.3199, -27.64713, -21.34793, 6.126106, 7200, 7200, 0, 0, 0, 2), -- Sunblade Mage Guard
(@CGUID+27, 24683, 585, 3, 119.2309, 16.7309, -2.605224, 0.8377581, 7200, 7200, 0, 0, 0, 2), -- Sunblade Mage Guard
(@CGUID+28, 24683, 585, 3, 129.9757, -17.35156, -2.714931, 5.846853, 7200, 7200, 0, 0, 0, 2), -- Sunblade Mage Guard
(@CGUID+29, 24683, 585, 3, 144.0841, -107.0146, -20.37166, 4.24115, 7200, 7200, 0, 0, 0, 2), -- Sunblade Mage Guard
(@CGUID+30, 24683, 585, 3, 146.1476, -25.44206, -21.19135, 0.5585054, 7200, 7200, 0, 0, 0, 2), -- Sunblade Mage Guard
(@CGUID+31, 24683, 585, 3, 153.3955, 140.0584, -14.29825, 2.478368, 7200, 7200, 0, 0, 0, 2), -- Sunblade Mage Guard
(@CGUID+32, 0, 585, 3, 75.10069, 32.16884, -19.92152, 3.961897, 7200, 7200, 0, 0, 0, 0), -- creature_spawn_entry
(@CGUID+33, 24683, 585, 3, 75.68121, -7.432292, -2.629982, 1.605703, 7200, 7200, 0, 0, 0, 0), -- Sunblade Mage Guard
(@CGUID+34, 24683, 585, 3, 76.28928, 7.97526, -2.616464, 4.764749, 7200, 7200, 0, 0, 0, 0), -- Sunblade Mage Guard
(@CGUID+35, 0, 585, 3, 82.44922, -43.14388, -19.91573, 3.246312, 7200, 7200, 0, 0, 0, 0), -- creature_spawn_entry
(@CGUID+36, 24683, 585, 3, 89.61057, 19.97336, -21.24747, 6.213372, 7200, 7200, 0, 0, 0, 2), -- Sunblade Mage Guard
(@CGUID+37, 24684, 585, 3, 108.2356, -111.1218, -20.18563, 6.126106, 7200, 7200, 0, 0, 0, 2), -- Sunblade Blood Knight
(@CGUID+38, 24684, 585, 3, 110.7951, -32.949, -21.17775, 2.426008, 7200, 7200, 0, 0, 0, 2), -- Sunblade Blood Knight
(@CGUID+39, 24684, 585, 3, 118.8691, -159.344, -21.22317, 1.832596, 7200, 7200, 0, 0, 0, 2), -- Sunblade Blood Knight
(@CGUID+40, 24684, 585, 3, 121.86, 20.90755, -2.651257, 5.061455, 7200, 7200, 0, 0, 0, 2), -- Sunblade Blood Knight
(@CGUID+41, 0, 585, 3, 123.0538, -133.2421, -20.46159, 1.012291, 7200, 7200, 0, 0, 0, 0), -- creature_spawn_entry
(@CGUID+42, 24684, 585, 3, 134.47, -18.90777, -2.637789, 2.775074, 7200, 7200, 0, 0, 0, 2), -- Sunblade Blood Knight
(@CGUID+43, 24684, 585, 3, 146.191, -134.3537, -20.93017, 0.7679449, 7200, 7200, 0, 0, 0, 2), -- Sunblade Blood Knight
(@CGUID+44, 0, 585, 3, 151.4745, 146.1255, -14.29825, 4.502949, 7200, 7200, 0, 0, 0, 2), -- creature_spawn_entry
(@CGUID+45, 24684, 585, 3, 151.5336, -28.70573, -21.3511, 1.27409, 7200, 7200, 0, 0, 0, 2), -- Sunblade Blood Knight
(@CGUID+46, 0, 585, 3, 160.1445, 40.15039, -19.92153, 1.48353, 7200, 7200, 0, 0, 0, 0), -- creature_spawn_entry
(@CGUID+47, 24684, 585, 3, 163.7176, 16.77892, -21.45707, 2.059489, 7200, 7200, 0, 0, 0, 2), -- Sunblade Blood Knight
(@CGUID+48, 0, 585, 3, 167.8776, 1.288876, -2.542481, 3.103317, 7200, 7200, 0, 0, 0, 0), -- creature_spawn_entry
(@CGUID+49, 0, 585, 3, 179.4063, 7.827257, -2.634074, 3.211406, 7200, 7200, 0, 0, 0, 0), -- creature_spawn_entry
(@CGUID+50, 24684, 585, 3, 93.08018, 24.61534, -21.25367, 5.375614, 7200, 7200, 0, 0, 0, 2), -- Sunblade Blood Knight
(@CGUID+51, 24685, 585, 3, 100.6884, 27.3909, -21.3234, 4.45059, 7200, 7200, 0, 0, 0, 2), -- Sunblade Magister
(@CGUID+52, 24685, 585, 3, 113.0705, -27.38194, -21.48741, 3.473205, 7200, 7200, 0, 0, 0, 2), -- Sunblade Magister
(@CGUID+53, 24685, 585, 3, 113.574, -152.6129, -21.05598, 5.5676, 7200, 7200, 0, 0, 0, 2), -- Sunblade Magister
(@CGUID+54, 24685, 585, 3, 115.2049, -112.538, -21.11774, 2.321288, 7200, 7200, 0, 0, 0, 2), -- Sunblade Magister
(@CGUID+55, 0, 585, 3, 121.4358, -126.0185, -20.44426, 5.61996, 7200, 7200, 0, 0, 0, 0), -- creature_spawn_entry
(@CGUID+56, 24685, 585, 3, 126.7938, -160.69092, -21.742477, 1.556787, 7200, 7200, 0, 0, 0, 2), -- Sunblade Magister
(@CGUID+57, 24685, 585, 3, 127.1523, 19.62066, -2.73584, 2.844887, 7200, 7200, 0, 0, 0, 2), -- Sunblade Magister
(@CGUID+58, 24685, 585, 3, 146.7917, -125.1393, -21.11193, 5.707227, 7200, 7200, 0, 0, 0, 2), -- Sunblade Magister
(@CGUID+59, 24685, 585, 3, 158.9377, 23.03212, -21.31738, 5.742133, 7200, 7200, 0, 0, 0, 2), -- Sunblade Magister
(@CGUID+60, 24685, 585, 3, 159.7843, -19.11372, -21.38687, 3.193953, 7200, 7200, 0, 0, 0, 2), -- Sunblade Magister
(@CGUID+61, 0, 585, 3, 179.0204, -7.975478, -2.631981, 3.071779, 7200, 7200, 0, 0, 0, 0), -- creature_spawn_entry
(@CGUID+62, 0, 585, 3, 80.35221, -37.33355, -19.92061, 2.897247, 7200, 7200, 0, 0, 0, 0), -- creature_spawn_entry
(@CGUID+63, 0, 585, 3, 85.91016, 39.37804, -19.92152, 5.550147, 7200, 7200, 0, 0, 0, 0), -- creature_spawn_entry
(@CGUID+64, 24686, 585, 3, 107.5, -22.84874, -21.47001, 4.782202, 7200, 7200, 0, 0, 0, 2), -- Sunblade Warlock
(@CGUID+65, 24686, 585, 3, 110.4894, -114.3717, -20.69702, 1.134464, 7200, 7200, 0, 0, 0, 2), -- Sunblade Warlock
(@CGUID+66, 24686, 585, 3, 121.066, -155.7127, -21.24794, 2.949606, 7200, 7200, 0, 0, 0, 2), -- Sunblade Warlock
(@CGUID+67, 0, 585, 3, 130.6967, -124.201, -20.44027, 3.944444, 7200, 7200, 0, 0, 0, 0), -- creature_spawn_entry
(@CGUID+68, 24686, 585, 3, 134.1413, -14.36241, -2.619921, 3.630285, 7200, 7200, 0, 0, 0, 2), -- Sunblade Warlock
(@CGUID+69, 24686, 585, 3, 144.7055, -113.3392, -20.46407, 2.670354, 7200, 7200, 0, 0, 0, 2), -- Sunblade Warlock
(@CGUID+70, 24686, 585, 3, 152.7175, -138.1237, -20.60773, 2.024582, 7200, 7200, 0, 0, 0, 2), -- Sunblade Warlock
(@CGUID+71, 24686, 585, 3, 153.7665, 143.9651, -14.29824, 3.647738, 7200, 7200, 0, 0, 0, 2), -- Sunblade Warlock
(@CGUID+72, 24686, 585, 3, 156.3635, -25.42817, -21.30278, 2.495821, 7200, 7200, 0, 0, 0, 2), -- Sunblade Warlock
(@CGUID+73, 24686, 585, 3, 162.435, 24.89898, -21.25501, 4.625123, 7200, 7200, 0, 0, 0, 2), -- Sunblade Warlock
(@CGUID+74, 0, 585, 3, 167.6208, -1.172642, -2.542481, 2.786453, 7200, 7200, 0, 0, 0, 0), -- creature_spawn_entry
(@CGUID+75, 0, 585, 3, 170.3503, -35.57444, -19.92153, 5.288348, 7200, 7200, 0, 0, 0, 0), -- creature_spawn_entry
(@CGUID+76, 24686, 585, 3, 181.9451, -5.653863, -2.686075, 3.089233, 7200, 7200, 0, 0, 0, 0), -- Sunblade Warlock
(@CGUID+77, 24686, 585, 3, 92.40538, 14.65262, -21.5157, 0.8726646, 7200, 7200, 0, 0, 0, 2), -- Sunblade Warlock
(@CGUID+78, 24687, 585, 3, 123.6144, 15.55122, -2.721988, 1.780236, 7200, 7200, 0, 0, 0, 2), -- Sunblade Physician
(@CGUID+79, 24687, 585, 3, 129.3069, -22.25803, -2.736825, 1.64061, 7200, 7200, 0, 0, 0, 2), -- Sunblade Physician
(@CGUID+80, 24687, 585, 3, 130.9661, -132.129, -20.42054, 2.635447, 7200, 7200, 0, 0, 0, 0), -- Sunblade Physician
(@CGUID+81, 24687, 585, 3, 136.383, -108.1438, -21.12049, 0.2268928, 7200, 7200, 0, 0, 0, 2), -- Sunblade Physician
(@CGUID+82, 24687, 585, 3, 157.7194, -132.2129, -20.99394, 2.897247, 7200, 7200, 0, 0, 0, 2), -- Sunblade Physician
(@CGUID+83, 24687, 585, 3, 164.9128, 40.56662, -19.91889, 2.827433, 7200, 7200, 0, 0, 0, 2), -- Sunblade Physician
(@CGUID+84, 24687, 585, 3, 177.8316, -30.13455, -19.92154, 1.500983, 7200, 7200, 0, 0, 0, 0), -- Sunblade Physician
(@CGUID+85, 24687, 585, 3, 182.3444, 4.854818, -2.658557, 3.176499, 7200, 7200, 0, 0, 0, 0), -- Sunblade Physician
(@CGUID+86, 24688, 585, 3, 222.6547, -20.81098, -2.974053, 0.3316126, 7200, 7200, 0, 0, 0, 2), -- Wretched Skulker
(@CGUID+87, 0, 585, 3, 224.4132, -16.27213, -2.97049, 5.305801, 7200, 7200, 0, 0, 0, 2), -- creature_spawn_entry
(@CGUID+88, 24688, 585, 3, 228.5178, 17.91623, -2.953763, 2.321288, 7200, 7200, 0, 0, 0, 0), -- Wretched Skulker
(@CGUID+89, 24688, 585, 3, 230.1882, 19.70855, -2.984118, 2.687807, 7200, 7200, 0, 0, 0, 2), -- Wretched Skulker
(@CGUID+90, 24689, 585, 3, 222.3221, -18.01042, -2.974571, 5.8294, 7200, 7200, 0, 0, 0, 0), -- Wretched Bruiser
(@CGUID+91, 24689, 585, 3, 225.5187, 16.98004, -2.911388, 1.553343, 7200, 7200, 0, 0, 0, 2), -- Wretched Bruiser
(@CGUID+92, 24689, 585, 3, 228.0352, 23.75, -2.998181, 3.665191, 7200, 7200, 0, 0, 0, 0), -- Wretched Bruiser
(@CGUID+93, 0, 585, 3, 230.5334, -20.93815, -2.969352, 2.844887, 7200, 7200, 0, 0, 0, 0), -- creature_spawn_entry
(@CGUID+94, 0, 585, 3, 231.6161, -1.855252, -2.865797, 1.029744, 7200, 7200, 0, 0, 0, 2), -- creature_spawn_entry
(@CGUID+95, 24690, 585, 3, 222.5011, 20.46376, -2.955546, 6.056293, 7200, 7200, 0, 0, 0, 2), -- Wretched Husk
(@CGUID+96, 24690, 585, 3, 224.1339, 23.2921, -3.017883, 5.305801, 7200, 7200, 0, 0, 0, 2), -- Wretched Husk
(@CGUID+97, 24690, 585, 3, 227.3105, -22.96918, -2.972695, 1.919862, 7200, 7200, 0, 0, 0, 2), -- Wretched Husk
(@CGUID+98, 24690, 585, 3, 228.5601, -16.65473, -2.966641, 3.595378, 7200, 7200, 0, 0, 0, 2), -- Wretched Husk
(@CGUID+99, 0, 585, 3, 231.6949, 2.634549, -2.882751, 5.61996, 7200, 7200, 0, 0, 0, 2), -- creature_spawn_entry
(@CGUID+100, 24696, 585, 3, 139.101, -104.6437, -20.92453, 5.602507, 7200, 7200, 0, 0, 0, 2), -- Coilskar Witch
(@CGUID+101, 0, 585, 3, 148.2014, 145.5804, -14.29825, 5.340707, 7200, 7200, 0, 0, 0, 2), -- creature_spawn_entry
(@CGUID+102, 24697, 585, 3, 105.2381, -33.20052, -21.29979, 1.413717, 7200, 7200, 0, 0, 0, 2), -- Sister of Torment
(@CGUID+103, 24697, 585, 3, 116.1172, -107.2371, -20.94357, 3.752458, 7200, 7200, 0, 0, 0, 2), -- Sister of Torment
(@CGUID+104, 24697, 585, 3, 118.4262, -151.4972, -21.08203, 4.08407, 7200, 7200, 0, 0, 0, 2), -- Sister of Torment
(@CGUID+105, 24697, 585, 3, 139.3961, -114.1053, -21.06477, 1.500983, 7200, 7200, 0, 0, 0, 2), -- Sister of Torment
(@CGUID+106, 24697, 585, 3, 148.9117, 138.5706, -14.29824, 1.134464, 7200, 7200, 0, 0, 0, 2), -- Sister of Torment
(@CGUID+107, 24697, 585, 3, 159.4296, 17.83941, -21.40058, 0.5759587, 7200, 7200, 0, 0, 0, 2), -- Sister of Torment
(@CGUID+108, 24698, 585, 3, 110.8193, -106.344, -20.49449, 5.026548, 7200, 7200, 0, 0, 0, 2), -- Ethereum Smuggler
(@CGUID+109, 24698, 585, 3, 114.2813, -157.6882, -21.12742, 0.9250245, 7200, 7200, 0, 0, 0, 2), -- Ethereum Smuggler
(@CGUID+110, 24698, 585, 3, 146.674, 141.353, -14.29824, 0.2268928, 7200, 7200, 0, 0, 0, 2), -- Ethereum Smuggler
(@CGUID+111, 24698, 585, 3, 166.9216, 21.54416, -21.25143, 3.333579, 7200, 7200, 0, 0, 0, 2), -- Ethereum Smuggler
(@CGUID+112, 24722, 585, 3, 225.969, -20.07747, -2.973103, 0.9424778, 7200, 7200, 0, 0, 0, 0), -- Fel Crystal
(@CGUID+113, 24722, 585, 3, 226.3142, 20.21832, -2.981265, 5.323254, 7200, 7200, 0, 0, 0, 0), -- Fel Crystal
(@CGUID+114, 24722, 585, 3, 247.8876, -14.62522, 3.80777, 2.338741, 7200, 7200, 0, 0, 0, 0), -- Fel Crystal
(@CGUID+115, 24722, 585, 3, 248.0529, 14.59201, 3.748818, 3.944444, 7200, 7200, 0, 0, 0, 0), -- Fel Crystal
(@CGUID+116, 24722, 585, 3, 263.1489, 0.309245, 1.320571, 3.159046, 7200, 7200, 0, 0, 0, 0), -- Fel Crystal
(@CGUID+117, 24723, 585, 3, 242.0751, 0.300781, 1.839909, 3.193953, 86400, 86400, 0, 0, 0, 0), -- Selin Fireheart
(@CGUID+118, 24744, 585, 3, 231.3668, -214.3461, -6.323278, 1.518436, 86400, 86400, 0, 0, 0, 0), -- Vexallus
(@CGUID+119, 24761, 585, 3, 254.151, -62.08013, -4.046496, 5.224607, 7200, 7200, 5, 0, 0, 1), -- Brightscale Wyrm
(@CGUID+120, 24761, 585, 3, 255.9889, -74.25114, -5.954876, 0.05101233, 7200, 7200, 5, 0, 0, 1), -- Brightscale Wyrm
(@CGUID+121, 24761, 585, 3, 233.7008, -75.10845, -5.94248, 5.42032, 7200, 7200, 5, 0, 0, 1), -- Brightscale Wyrm
(@CGUID+122, 24761, 585, 3, 246.0912, -75.59169, -5.942479, 3.453536, 7200, 7200, 5, 0, 0, 1), -- Brightscale Wyrm
(@CGUID+123, 24761, 585, 3, 231.0331, -86.62489, -5.937322, 1.216108, 7200, 7200, 5, 0, 0, 1), -- Brightscale Wyrm
(@CGUID+124, 24761, 585, 3, 238.0039, -114.1277, 2.083333, 5.570972, 7200, 7200, 0, 0, 0, 2), -- Brightscale Wyrm
(@CGUID+125, 24761, 585, 3, 235.5165, -116.5685, 2.083333, 0.8504879, 7200, 7200, 0, 0, 0, 0), -- Brightscale Wyrm
(@CGUID+126, 24761, 585, 3, 236.0513, -115.1773, 2.083333, 5.983913, 7200, 7200, 0, 0, 0, 0), -- Brightscale Wyrm
(@CGUID+127, 24761, 585, 3, 236.1862, -115.9816, 2.083333, 4.058712, 7200, 7200, 0, 0, 0, 0), -- Brightscale Wyrm
(@CGUID+128, 24761, 585, 3, 236.5575, -115.3018, 2.083333, 1.034127, 7200, 7200, 0, 0, 0, 0), -- Brightscale Wyrm
(@CGUID+129, 24761, 585, 3, 236.8602, -117.4644, 2.083333, 2.412657, 7200, 7200, 0, 0, 0, 0), -- Brightscale Wyrm
(@CGUID+130, 24761, 585, 3, 237.9207, -116.9589, 2.083333, 5.492101, 7200, 7200, 0, 0, 0, 0), -- Brightscale Wyrm
(@CGUID+131, 24761, 585, 3, 237.9763, -118.0118, 2.083333, 3.924771, 7200, 7200, 0, 0, 0, 0), -- Brightscale Wyrm
(@CGUID+132, 24761, 585, 3, 238.5019, -116.0824, 2.083333, 3.327619, 7200, 7200, 0, 0, 0, 0), -- Brightscale Wyrm
(@CGUID+133, 24761, 585, 3, 238.8031, -116.97, 2.083333, 1.46131, 7200, 7200, 0, 0, 0, 0), -- Brightscale Wyrm
(@CGUID+134, 24761, 585, 3, 220.5695, -121.072, 2.083333, 0.2398056, 7200, 7200, 0, 0, 0, 2), -- Brightscale Wyrm
(@CGUID+135, 24761, 585, 3, 220.9322, -122.8351, 2.083333, 3.142056, 7200, 7200, 0, 0, 0, 0), -- Brightscale Wyrm
(@CGUID+136, 24761, 585, 3, 221.2319, -119.2833, 2.083333, 4.340576, 7200, 7200, 0, 0, 0, 0), -- Brightscale Wyrm
(@CGUID+137, 24761, 585, 3, 221.8637, -120.2129, 2.083333, 4.804203, 7200, 7200, 0, 0, 0, 0), -- Brightscale Wyrm
(@CGUID+138, 24761, 585, 3, 221.8901, -120.6145, 2.083333, 2.980275, 7200, 7200, 0, 0, 0, 0), -- Brightscale Wyrm
(@CGUID+139, 24761, 585, 3, 221.8973, -120.8926, 2.083333, 3.99678, 7200, 7200, 0, 0, 0, 0), -- Brightscale Wyrm
(@CGUID+140, 24761, 585, 3, 222.8043, -119.9917, 2.083333, 2.964139, 7200, 7200, 0, 0, 0, 0), -- Brightscale Wyrm
(@CGUID+141, 24761, 585, 3, 222.9403, -121.7177, 2.083333, 3.111054, 7200, 7200, 0, 0, 0, 0), -- Brightscale Wyrm
(@CGUID+142, 24761, 585, 3, 223.1723, -121.5122, 2.083333, 0.2184436, 7200, 7200, 0, 0, 0, 0), -- Brightscale Wyrm
(@CGUID+143, 24761, 585, 3, 223.2735, -121.1899, 2.083333, 3.678048, 7200, 7200, 0, 0, 0, 0), -- Brightscale Wyrm
(@CGUID+144, 24761, 585, 3, 226.4088, -129.512, -0.09024334, 2.326123, 7200, 7200, 0, 0, 0, 2), -- Brightscale Wyrm
(@CGUID+145, 24761, 585, 3, 230.3237, -132.4934, 1.981022, 1.22418, 7200, 7200, 0, 0, 0, 0), -- Brightscale Wyrm
(@CGUID+146, 24761, 585, 3, 231.4419, -135.4803, 1.93562, 1.338326, 7200, 7200, 0, 0, 0, 0), -- Brightscale Wyrm
(@CGUID+147, 24761, 585, 3, 231.4668, -130.8524, 2.083333, 1.133992, 7200, 7200, 0, 0, 0, 0), -- Brightscale Wyrm
(@CGUID+148, 24761, 585, 3, 232.7784, -133.8764, 2.048325, 1.358693, 7200, 7200, 0, 0, 0, 0), -- Brightscale Wyrm
(@CGUID+149, 24761, 585, 3, 233.0095, -131.3771, 2.037473, 1.295939, 7200, 7200, 0, 0, 0, 0), -- Brightscale Wyrm
(@CGUID+150, 24761, 585, 3, 234.3786, -136.0759, 1.966376, 1.03113, 7200, 7200, 0, 0, 0, 0), -- Brightscale Wyrm
(@CGUID+151, 24761, 585, 3, 234.6824, -131.0853, 2.051694, 1.198357, 7200, 7200, 0, 0, 0, 0), -- Brightscale Wyrm
(@CGUID+152, 24761, 585, 3, 235.4419, -132.391, 1.93851, 1.05692, 7200, 7200, 0, 0, 0, 0), -- Brightscale Wyrm
(@CGUID+153, 24761, 585, 3, 235.6127, -133.4581, 1.941883, 0.9196192, 7200, 7200, 0, 0, 0, 0), -- Brightscale Wyrm
(@CGUID+154, 24761, 585, 3, 239.3262, -160.3324, -0.1555746, 4.274503, 7200, 7200, 0, 0, 0, 2), -- Brightscale Wyrm
(@CGUID+155, 24761, 585, 3, 241.6134, -153.8204, 1.990764, 5.476893, 7200, 7200, 0, 0, 0, 0), -- Brightscale Wyrm
(@CGUID+156, 24761, 585, 3, 242.6474, -153.1241, 1.981843, 5.688981, 7200, 7200, 0, 0, 0, 0), -- Brightscale Wyrm
(@CGUID+157, 24761, 585, 3, 243.1694, -151.3499, 1.960538, 5.692921, 7200, 7200, 0, 0, 0, 0), -- Brightscale Wyrm
(@CGUID+158, 24761, 585, 3, 243.9034, -156.4783, 2.008836, 5.413692, 7200, 7200, 0, 0, 0, 0), -- Brightscale Wyrm
(@CGUID+159, 24761, 585, 3, 244.4999, -155.2027, 2.024311, 5.640972, 7200, 7200, 0, 0, 0, 0), -- Brightscale Wyrm
(@CGUID+160, 24761, 585, 3, 245.0351, -153.7488, 2.023085, 5.526784, 7200, 7200, 0, 0, 0, 0), -- Brightscale Wyrm
(@CGUID+161, 24761, 585, 3, 245.2451, -150.7818, 1.988033, 5.803421, 7200, 7200, 0, 0, 0, 0), -- Brightscale Wyrm
(@CGUID+162, 24761, 585, 3, 245.4883, -151.9869, 1.998561, 5.574026, 7200, 7200, 0, 0, 0, 0), -- Brightscale Wyrm
(@CGUID+163, 24761, 585, 3, 247.0158, -151.7696, 1.997276, 5.747058, 7200, 7200, 0, 0, 0, 0), -- Brightscale Wyrm
(@CGUID+164, 24761, 585, 3, 229.2414, -154.4514, 0.4745538, 0.3847092, 7200, 7200, 0, 0, 0, 2), -- Brightscale Wyrm
(@CGUID+165, 24761, 585, 3, 224.6705, -155.4146, 2.029751, 0.374384, 7200, 7200, 0, 0, 0, 0), -- Brightscale Wyrm
(@CGUID+166, 24761, 585, 3, 224.8921, -156.6348, 2.028172, 0.13905, 7200, 7200, 0, 0, 0, 0), -- Brightscale Wyrm
(@CGUID+167, 24761, 585, 3, 225.313, -160.5341, 1.995694, 0.2072676, 7200, 7200, 0, 0, 0, 0), -- Brightscale Wyrm
(@CGUID+168, 24761, 585, 3, 225.9758, -157.4675, 2.083333, 6.185881, 7200, 7200, 0, 0, 0, 0), -- Brightscale Wyrm
(@CGUID+169, 24761, 585, 3, 226.4064, -156.278, 2.083333, 0.2121094, 7200, 7200, 0, 0, 0, 0), -- Brightscale Wyrm
(@CGUID+170, 24761, 585, 3, 227.3925, -160.0782, 2.044198, 0.09719084, 7200, 7200, 0, 0, 0, 0), -- Brightscale Wyrm
(@CGUID+171, 24761, 585, 3, 227.9759, -158.2929, 2.028537, 0.06319759, 7200, 7200, 0, 0, 0, 0), -- Brightscale Wyrm
(@CGUID+172, 24761, 585, 3, 228.4255, -156.3245, 2.083333, 0.1438802, 7200, 7200, 0, 0, 0, 0), -- Brightscale Wyrm
(@CGUID+173, 24761, 585, 3, 228.5266, -159.8741, 2.041522, 0.1073218, 7200, 7200, 0, 0, 0, 0), -- Brightscale Wyrm
(@CGUID+174, 24761, 585, 3, 236.2727, -170.5579, 0.7115608, 1.201718, 7200, 7200, 0, 0, 0, 2), -- Brightscale Wyrm
(@CGUID+175, 24761, 585, 3, 232.623, -174.5535, 2.032362, 0.9543048, 7200, 7200, 0, 0, 0, 0), -- Brightscale Wyrm
(@CGUID+176, 24761, 585, 3, 232.9948, -175.9496, 2.029418, 1.065526, 7200, 7200, 0, 0, 0, 0), -- Brightscale Wyrm
(@CGUID+177, 24761, 585, 3, 234.8556, -172.7189, 2.082852, 0.9493107, 7200, 7200, 0, 0, 0, 0), -- Brightscale Wyrm
(@CGUID+178, 24761, 585, 3, 234.9727, -177.967, 2.039955, 1.022197, 7200, 7200, 0, 0, 0, 0), -- Brightscale Wyrm
(@CGUID+179, 24761, 585, 3, 235.6826, -176.7751, 2.032977, 1.053764, 7200, 7200, 0, 0, 0, 0), -- Brightscale Wyrm
(@CGUID+180, 24761, 585, 3, 236.3073, -175.5663, 2.029907, 1.11906, 7200, 7200, 0, 0, 0, 0), -- Brightscale Wyrm
(@CGUID+181, 24761, 585, 3, 237.3804, -174.817, 2.067557, 0.9665439, 7200, 7200, 0, 0, 0, 0), -- Brightscale Wyrm
(@CGUID+182, 24761, 585, 3, 237.6176, -178.1347, 2.00051, 1.006614, 7200, 7200, 0, 0, 0, 0), -- Brightscale Wyrm
(@CGUID+183, 24761, 585, 3, 237.7496, -173.6205, 2.060787, 0.9763938, 7200, 7200, 0, 0, 0, 0), -- Brightscale Wyrm
(@CGUID+184, 24777, 585, 3, 108.8539, -214.7493, -21.34248, 3.128864, 7200, 7200, 0, 0, 0, 2), -- Sunblade Sentinel
(@CGUID+185, 24777, 585, 3, 126.806, -59.04935, -21.41628, 1.547997, 7200, 7200, 0, 0, 0, 2), -- Sunblade Sentinel
(@CGUID+186, 24777, 585, 3, 166.6635, -214.2589, -9.342482, 3.131618, 7200, 7200, 0, 0, 0, 2), -- Sunblade Sentinel
(@CGUID+193, 24808, 585, 3, 100.3677, 19.79389, -21.21071, 0.6457718, 7200, 7200, 0, 0, 0, 0), -- Broken Sentinel
(@CGUID+194, 24808, 585, 3, 151.2324, -131.8605, -21.03896, 4.118977, 7200, 7200, 0, 0, 0, 0), -- Broken Sentinel
(@CGUID+195, 24808, 585, 3, 151.6454, -19.59722, -21.35129, 3.211406, 7200, 7200, 0, 0, 0, 0), -- Broken Sentinel
(@CGUID+196, 24822, 585, 3, 240.6888, -97.08377, -5.931786, 4.066617, 7200, 7200, 0, 0, 0, 0), -- Tyrith
(@CGUID+197, 24928, 585, 3, -201.8963, -254.2026, -40.51134, 1.762783, 7200, 7200, 0, 0, 0, 0), -- Sunwell Daily Bunny x 1.00
(@CGUID+198, 25042, 585, 3, 232.139, -271.6487, -7.523142, 0.715585, 7200, 7200, 0, 0, 0, 0), -- Magisters' Terrace - Scryer Quest Bunny
(@CGUID+199, 25954, 585, 3, 13.94643, -664.7455, -58.49575, 3.613698, 7200, 7200, 0, 0, 0, 2), -- Shadowsword Guardian Sunwell
(@CGUID+200, 25955, 585, 3, -13.15061, -611.9959, -64.036, 2.303835, 7200, 7200, 0, 0, 0, 2), -- Hand of the Deceiver Sunwell
(@CGUID+201, 25955, 585, 3, -33.69727, -615.4181, -63.93007, 1.012291, 7200, 7200, 0, 0, 0, 2), -- Hand of the Deceiver Sunwell
(@CGUID+202, 25955, 585, 3, -9.730144, -591.0687, -64.02485, 3.787364, 7200, 7200, 0, 0, 0, 2), -- Hand of the Deceiver Sunwell
(@CGUID+203, 25956, 585, 3, 44.38489, -371.3859, -59.79478, 3.636149, 7200, 7200, 0, 0, 0, 2), -- Chaos Gazer Sunwell
(@CGUID+204, 25956, 585, 3, 97.22394, -368.5071, -59.78477, 5.880382, 7200, 7200, 0, 0, 0, 2), -- Chaos Gazer Sunwell
(@CGUID+205, 25957, 585, 3, 102.9114, -384.5804, -30.30907, 2.14335, 7200, 7200, 0, 0, 0, 2), -- Cataclysm Hound Sunwell
(@CGUID+206, 25957, 585, 3, 104.6225, -442.2501, -44.30659, 0.690249, 7200, 7200, 0, 0, 0, 2), -- Cataclysm Hound Sunwell
(@CGUID+207, 25958, 585, 3, 105.1443, -363.1104, -59.70132, 6.038839, 7200, 7200, 0, 0, 0, 0), -- Volatile Felfire Fiend Sunwell
(@CGUID+208, 25958, 585, 3, 116.8487, -368.0944, -59.70133, 4.223697, 7200, 7200, 0, 0, 0, 0), -- Volatile Felfire Fiend Sunwell
(@CGUID+209, 25958, 585, 3, 123.3597, -412.648, -59.7014, 3.298672, 7200, 7200, 0, 0, 0, 0), -- Volatile Felfire Fiend Sunwell
(@CGUID+210, 25958, 585, 3, 125.1975, -375.8618, -59.70134, 5.846853, 7200, 7200, 0, 0, 0, 0), -- Volatile Felfire Fiend Sunwell
(@CGUID+211, 25958, 585, 3, 132.5585, -397.828, -59.70135, 2.216568, 7200, 7200, 0, 0, 0, 0), -- Volatile Felfire Fiend Sunwell
(@CGUID+212, 25958, 585, 3, 136.5204, -414.0436, -59.70138, 1.658063, 7200, 7200, 0, 0, 0, 0), -- Volatile Felfire Fiend Sunwell
(@CGUID+213, 25958, 585, 3, 20.96181, -419.5508, -20.4481, 1.308997, 7200, 7200, 0, 0, 0, 0), -- Volatile Felfire Fiend Sunwell
(@CGUID+214, 25958, 585, 3, 26.12109, -379.9447, -59.71396, 5.201081, 7200, 7200, 0, 0, 0, 0), -- Volatile Felfire Fiend Sunwell
(@CGUID+215, 25958, 585, 3, 26.60883, -412.2169, -20.44464, 2.495821, 7200, 7200, 0, 0, 0, 0), -- Volatile Felfire Fiend Sunwell
(@CGUID+216, 25958, 585, 3, 26.67567, -426.2179, -20.44249, 0.8377581, 7200, 7200, 0, 0, 0, 0), -- Volatile Felfire Fiend Sunwell
(@CGUID+217, 25958, 585, 3, 29.4949, -366.0455, -59.70754, 3.176499, 7200, 7200, 0, 0, 0, 0), -- Volatile Felfire Fiend Sunwell
(@CGUID+218, 25958, 585, 3, 33.77148, -418.8938, -20.43682, 2.094395, 7200, 7200, 0, 0, 0, 0), -- Volatile Felfire Fiend Sunwell
(@CGUID+219, 25958, 585, 3, 34.84961, -404.1414, -20.44166, 0.8552113, 7200, 7200, 0, 0, 0, 0), -- Volatile Felfire Fiend Sunwell
(@CGUID+220, 25958, 585, 3, 39.07509, -410.1658, -20.43284, 0.5235988, 7200, 7200, 0, 0, 0, 0), -- Volatile Felfire Fiend Sunwell
(@CGUID+221, 25958, 585, 3, 40.98156, -378.1602, -59.72128, 3.560472, 7200, 7200, 0, 0, 0, 0), -- Volatile Felfire Fiend Sunwell
(@CGUID+222, 25958, 585, 3, 43.86296, -364.5544, -59.70659, 0.8901179, 7200, 7200, 0, 0, 0, 0), -- Volatile Felfire Fiend Sunwell
(@CGUID+223, 25958, 585, 3, 82.95345, -356.3022, -59.7013, 3.490659, 7200, 7200, 0, 0, 0, 0), -- Volatile Felfire Fiend Sunwell
(@CGUID+224, 25958, 585, 3, 93.30035, -357.6848, -59.70131, 3.839724, 7200, 7200, 0, 0, 0, 0), -- Volatile Felfire Fiend Sunwell
(@CGUID+225, 25959, 585, 3, 119.6816, -356.1947, -59.70134, 4.13643, 7200, 7200, 0, 0, 0, 0), -- Apocalypse Guard Sunwell
(@CGUID+226, 25959, 585, 3, 12.96181, -444.5023, -20.422, 0.9773844, 7200, 7200, 0, 0, 0, 0), -- Apocalypse Guard Sunwell
(@CGUID+227, 25959, 585, 3, 131.6533, -367.8342, -59.70135, 4.13643, 7200, 7200, 0, 0, 0, 0), -- Apocalypse Guard Sunwell
(@CGUID+228, 25959, 585, 3, 23.8214, -448.6069, -59.70778, 2.530727, 7200, 7200, 0, 0, 0, 0), -- Apocalypse Guard Sunwell
(@CGUID+229, 25959, 585, 3, 4.52398, -437.8817, -20.4229, 1.064651, 7200, 7200, 0, 0, 0, 0), -- Apocalypse Guard Sunwell
(@CGUID+230, 25959, 585, 3, 42.83355, -428.136, -59.70134, 2.6529, 7200, 7200, 0, 0, 0, 0), -- Apocalypse Guard Sunwell
(@CGUID+231, 25960, 585, 3, -24.61144, -482.0237, -22.12875, 0.9075712, 7200, 7200, 0, 0, 0, 0), -- M'uru Sunwell
(@CGUID+232, 26057, 585, 3, -25.29362, -599.4757, -64.19142, 2.6529, 7200, 7200, 0, 0, 0, 0), -- Anveena Marker
(@CGUID+233, 26579, 585, 3, -25.23611, -599.9462, -31.01963, 3.193953, 7200, 7200, 0, 0, 0, 0), -- Anveena Replica
(@CGUID+234, 24762, 585, 3, 223.05, -274.40, -8.11, 1.395529, 120, 180, 0, 0, 0, 0), -- Sunblade Keeper		// not sniff due to formation pathing
(@CGUID+235, 24781, 585, 3, 223.5966, -270.9579, -7.945513, 1.149835, 120, 180, 0, 0, 0, 2), -- Nether Energy
(@CGUID+236, 24848, 585, 0, 197.8629, -272.7441, -8.651634, 0, 120, 180, 0, 0, 0, 0); -- Kalecgos - spawned manually in script

-- ===========
-- GAMEOBJECTS
-- ===========

INSERT INTO `gameobject` (`guid`, `id`, `map`, `spawnMask`, `position_x`, `position_y`, `position_z`, `orientation`, `rotation0`, `rotation1`, `rotation2`, `rotation3`, `spawntimesecsmin`, `spawntimesecsmax`, `animprogress`, `state`) VALUES
(@OGUID+1, 187206, 585, 3, 150.2297, -396.2274, -59.78469, 3.205485, 0, 0, -0.9994898, 0.03194046, 180, 180, 100, 1), -- Bench
(@OGUID+2, 187207, 585, 3, 151.3248, -414.0524, -59.78469, 3.205485, 0, 0, -0.9994898, 0.03194046, 180, 180, 100, 1), -- Bench
(@OGUID+3, 187214, 585, 3, 114.2687, -498.7951, -17.73472, 2.900047, 0, 0, 0.9927158, 0.1204794, 180, 180, 100, 1), -- Bench
(@OGUID+4, 187215, 585, 3, 122.1912, -511.4524, -17.73472, 4.470851, 0, 0, -0.7871456, 0.6167672, 180, 180, 100, 1), -- Bench
(@OGUID+5, 187216, 585, 3, 11.98917, -534.5943, -6.720619, 4.979879, 0, 0, -0.6065016, 0.7950823, 180, 180, 100, 1), -- Bench
(@OGUID+6, 187217, 585, 3, 19.18094, -521.5079, -6.720619, 0.2674899, 0, 0, 0.1333466, 0.9910694, 180, 180, 100, 1), -- Bench
(@OGUID+7, 187218, 585, 3, -320.3788, -652.9161, -76.31245, 6.278591, 0, 0, -0.002297401, 0.9999973, 180, 180, 100, 1), -- Bench
(@OGUID+8, 187219, 585, 3, -320.442, -660.1548, -76.31245, 6.278591, 0, 0, -0.002297401, 0.9999973, 180, 180, 100, 1), -- Bench
(@OGUID+9, 187220, 585, 3, -332.1463, -532.0209, -76.26933, 6.278591, 0, 0, -0.002297401, 0.9999973, 180, 180, 100, 1), -- Bench
(@OGUID+10, 187221, 585, 3, -332.2095, -539.2596, -76.26933, 6.278591, 0, 0, -0.002297401, 0.9999973, 180, 180, 100, 1), -- Bench
(@OGUID+11, 187222, 585, 3, -290.5233, -684.8956, -76.21212, 1.566199, 0, 0, 0.7054796, 0.7087302, 180, 180, 100, 1), -- Bench
(@OGUID+12, 187223, 585, 3, -283.2846, -684.9587, -76.21212, 1.566199, 0, 0, 0.7054796, 0.7087302, 180, 180, 100, 1), -- Bench
(@OGUID+13, 187224, 585, 3, -281.7578, -506.5643, -76.21212, 4.707796, 0, 0, -0.7087288, 0.7054811, 180, 180, 100, 1), -- Bench
(@OGUID+14, 187225, 585, 3, -288.9965, -506.5011, -76.21212, 4.707796, 0, 0, -0.7087288, 0.7054811, 180, 180, 100, 1), -- Bench
(@OGUID+15, 187226, 585, 3, -242.5131, -559.7385, -76.21212, 3.136808, 0, 0, 0.9999971, 0.00239208, 180, 180, 100, 1), -- Bench
(@OGUID+16, 187227, 585, 3, -242.4499, -552.4998, -76.21212, 3.136808, 0, 0, 0.9999971, 0.00239208, 180, 180, 100, 1), -- Bench
(@OGUID+17, 187228, 585, 3, -243.2378, -642.7838, -76.21212, 3.136808, 0, 0, 0.9999971, 0.00239208, 180, 180, 100, 1), -- Bench
(@OGUID+18, 187229, 585, 3, -243.1747, -635.545, -76.21212, 3.136808, 0, 0, 0.9999971, 0.00239208, 180, 180, 100, 1), -- Bench
(@OGUID+19, 187578, 585, 3, 231.2145, -274.873, -7.395175, 1.658062, 0, 0, 0.737277, 0.6755905, 180, 180, 100, 1), -- Scrying Orb
(@OGUID+20, 187764, 585, 3, -15.90628, -421.9962, -47.17477, 3.045582, 0, 0, 0.998848, 0.04798714, 180, 180, 100, 1), -- Rohendor, The Second Gate
(@OGUID+21, 187765, 585, 3, -108.729, -598.2765, -6.372826, 1.387536, 0, 0, 0.6394386, 0.7688421, 180, 180, 100, 1), -- Archonisus, The Third Gate
(@OGUID+22, 187766, 585, 3, 72.42233, -587.3229, 1.595009, 2.696529, 0, 0, 0.9753418, 0.2206997, 180, 180, 100, 1), -- Agamath, The First Gate
(@OGUID+23, 187770, 585, 3, 127.1008, 61.36127, -15.17932, 4.71239, 0, 0, -0.7071066, 0.7071069, 180, 180, 100, 1), -- Doodad_SunwellRaid_Gate_04
(@OGUID+24, 187896, 585, 3, 231.2323, -236.8297, 0.5798352, 4.71239, 0, 0, -0.7071066, 0.7071069, 180, 180, 100, 1), -- Doodad_SunwellRaid_Gate_05
(@OGUID+25, 187979, 585, 3, 254.4499, -29.36227, 5.577685, 4.71239, 0, 0, -0.7071066, 0.7071069, 180, 180, 100, 1), -- Doodad_SunwellRaid_Gate_02
(@OGUID+26, 187990, 585, 3, 3.436218, -448.1922, -5.711884, 4.005531, 0, 0, -0.908143, 0.41866, 180, 180, 100, 0), -- Doodad_SunwellRaid_Gate_07
(@OGUID+27, 188064, 585, 3, 149.9267, 125.694, -7.263053, 1.570796, 0, 0, 0.7071066, 0.7071069, 180, 180, 100, 0), -- Asylum Door
(@OGUID+28, 188065, 585, 3, 215.1306, 0.3961767, 9.411577, 0, 0, 0, 0, 1, 180, 180, 100, 0), -- Assembly Chamber Door
(@OGUID+29, 188075, 585, 3, 45.91571, -797.5923, -52.48645, 5.663594, 0, 0, -0.3048639, 0.9523959, 180, 180, 100, 1), -- Doodad_Sunwell_Fire_Barrier_ext01
(@OGUID+30, 188081, 585, 3, -214.1949, -251.2159, -72.26261, 2.635444, 0, 0, 0.9681473, 0.2503814, 180, 180, 100, 0), -- Sanctum Planetarium
(@OGUID+31, 188118, 585, 3, -71.20242, -523.0176, 0.1445808, 3.132858, 0, 0, 0.9999905, 0.00436732, 180, 180, 100, 0), -- Doodad_SunwellRaid_Gate_08
(@OGUID+32, 188119, 585, 3, -384.9512, -659.8066, -51.23578, 3.132858, 0, 0, 0.9999905, 0.00436732, 180, 180, 100, 0), -- Doodad_Sunwell_Ice_Barrier01
(@OGUID+33, 188165, 585, 3, 138.3532, 190.1392, -16.83055, 4.276057, 0, 0, -0.8433914, 0.5372996, 180, 180, 100, 1), -- Doodad_Kael_Explode_FX_Left01
(@OGUID+34, 188166, 585, 3, 158.7507, 190.5099, -16.87942, 4.97419, 0, 0, -0.6087608, 0.7933538, 180, 180, 100, 1), -- Doodad_Kael_Explode_FX_Right01
(@OGUID+35, 188173, 585, 3, 148.4007, 203.4429, -11.95792, 1.012289, 0, 0, 0.4848089, 0.8746201, 180, 180, 100, 1), -- Escape to the Isle of Quel'Danas
(@OGUID+36, 188177, 585, 3, -5.751736, 0.2760417, -0.2375327, 0, 0, 0, 0, 1, 180, 180, 100, 1), -- Doodad_InstancePortal_PurpleDifficultyIcon02	// 214501
(@OGUID+37, 188415, 585, 3, -19.23069, -551.1078, -63.76665, 4.607672, 0, 0, -0.743144, 0.6691315, 180, 180, 100, 1), -- Orb of the Blue Flight
(@OGUID+38, 188415, 585, 3, -32.22884, -646.1618, -63.6902, 1.483528, 0, 0, 0.6755896, 0.7372779, 180, 180, 100, 1), -- Orb of the Blue Flight
(@OGUID+39, 188415, 585, 3, -73.15462, -601.7691, -63.76665, 0.06981169, 0, 0, 0.03489876, 0.9993908, 180, 180, 100, 1), -- Orb of the Blue Flight
(@OGUID+40, 188415, 585, 3, 20.02517, -593.6966, -63.64754, 3.211419, 0, 0, -0.9993906, 0.03490613, 180, 180, 100, 1), -- Orb of the Blue Flight
(@OGUID+41, 188421, 585, 3, -324.043, -595.1837, -59.25529, 3.132858, 0, 0, 0.9999905, 0.00436732, 180, 180, 100, 0), -- Doodad_Sunwell_BossForceField01
(@OGUID+42, 188523, 585, 3, -325.2178, -595.8588, -51.23578, 3.132858, 0, 0, 0.9999905, 0.00436732, 180, 180, 100, 0), -- Doodad_Sunwell_BossCollision01
(@OGUID+43, 188524, 585, 3, -326.9337, -595.6099, -51.23578, 3.132858, 0, 0, 0.9999905, 0.00436732, 180, 180, 100, 0); -- Doodad_Sunwell_BossCollision02

-- ======
-- EVENTS
-- ======

-- INSERT INTO `game_event_creature` (`guid`, `event`) VALUES
-- INSERT INTO `game_event_creature_data` (`guid`, `entry_id`, `modelid`, `equipment_id`, `spell_start`, `spell_end`, `event`) VALUES
-- INSERT INTO `game_event_gameobject` (`guid`, `event`) VALUES

-- =======
-- POOLING
-- =======

-- INSERT INTO `pool_pool` (`pool_id`, `mother_pool`, `chance`, `description`) VALUES
-- INSERT INTO `pool_template` (`entry`, `max_limit`, `description`) VALUES
-- INSERT INTO `pool_creature` (`guid`, `pool_entry`, `chance`, `description`) VALUES
-- INSERT INTO `pool_creature_template` (`id`, `pool_entry`, `chance`, `description`) VALUES
-- INSERT INTO `pool_gameobject` (`guid`, `pool_entry`, `chance`, `description`) VALUES
-- INSERT INTO `pool_gameobject_template` (`id`, `pool_entry`, `chance`, `description`) VALUES

-- =========
-- DBSCRIPTS
-- =========

DELETE FROM dbscripts_on_creature_movement WHERE id IN(2468301,2468401,2468501,2468601,2468701,2468801,2468901,2468902,2469001,2469002,2478101,2595501);
INSERT INTO `dbscripts_on_creature_movement` (`id`, `delay`, `command`, `datalong`, `datalong2`, `datalong3`, `buddy_entry`, `search_radius`, `data_flags`, `dataint`, `dataint2`, `dataint3`, `dataint4`, `x`, `y`, `z`, `o`, `comments`) VALUES
(2468301, 0, 15, 44574, 0, 0, 0, 0, 0, 0, 0, 0, 0, 0, 0, 0, 0, 'Sunblade Mage Guard - Cast Fel Energy Cosmetic'),
(2468401, 0, 15, 44574, 0, 0, 0, 0, 0, 0, 0, 0, 0, 0, 0, 0, 0, 'Sunblade Blood Knight - Cast Fel Energy Cosmetic'),
(2468501, 0, 15, 44574, 0, 0, 0, 0, 0, 0, 0, 0, 0, 0, 0, 0, 0, 'Sunblade Magister - Cast Fel Energy Cosmetic'),
(2468601, 0, 15, 44574, 0, 0, 0, 0, 0, 0, 0, 0, 0, 0, 0, 0, 0, 'Sunblade Warlock - Cast Fel Energy Cosmetic'),
(2468701, 0, 15, 44574, 0, 0, 0, 0, 0, 0, 0, 0, 0, 0, 0, 0, 0, 'Sunblade Physician - Cast Fel Energy Cosmetic'),
(2468801, 0, 15, 44374, 0, 0, 0, 0, 0, 0, 0, 0, 0, 0, 0, 0, 0, 'Wretched Skulker - Cast Fel Crystal Cosmetic'),
(2468901, 0, 15, 44374, 0, 0, 0, 0, 0, 0, 0, 0, 0, 0, 0, 0, 0, 'Wretched Bruiser - Cast Fel Crystal Cosmetic'),
(2468902, 0, 0, 0, 0, 0, 0, 0, 0, 2000020125, 2000020126, 2000020127, 0, 0, 0, 0, 0, 'Wretched Bruiser - Random Text'),
(2469001, 0, 15, 44374, 0, 0, 0, 0, 0, 0, 0, 0, 0, 0, 0, 0, 0, 'Wretched Husk - Cast Fel Crystal Cosmetic'),
(2469002, 0, 0, 0, 0, 0, 0, 0, 0, 2000020125, 2000020126, 2000020127, 0, 0, 0, 0, 0, 'Wretched Husk - Random Text'),
(2478101, 0, 15, 44432, 0, 0, 0, 0, 0, 0, 0, 0, 0, 0, 0, 0, 0, 'Nether Energy - Cast Cube Ground State'),
(2478101, 0, 15, 44434, 0, 0, 0, 0, 0, 0, 0, 0, 0, 0, 0, 0, 0, 'Nether Energy - Cast Cube Explode'),
(2478101, 0, 22, 1814, 0, 0, 0, 0, 0, 0, 0, 0, 0, 0, 0, 0, 0, 'Nether Energy - Set Faction'),
(2478101, 0, 5, 46, 33554432, 0, 0, 0, 0, 0, 0, 0, 0, 0, 0, 0, 0, 'Nether Energy - Remove UnitFlags UNIT_FLAG_NOT_SELECTABLE 33554432'),
(2478101, 1000, 15, 44447, 0, 0, 0, 0, 0, 0, 0, 0, 0, 0, 0, 0, 0, 'Nether Energy - Cast Threat 44447 on Brightscale Wyrm 24761'),
(2595501, 0, 15, 46757, 0, 0, 0, 0, 0, 0, 0, 0, 0, 0, 0, 0, 0, 'Hand of the Deceiver Sunwell - Cast Shadow Channelling');

DELETE FROM `dbscript_string` WHERE `entry` IN (2000020125,2000020126,2000020127);
INSERT INTO `dbscript_string` (`entry`,`content_default`,`sound`,`type`,`language`,`emote`, `broadcast_text_id`, `comment`) VALUES
(2000020125, 'I''ll never stop. Never...', 0, 0, 0, 0, 23842, ''),
(2000020126, 'The power! More, more, more!', 0, 0, 0, 0, 23840, ''),
(2000020127, 'It seethes and burns...', 0, 0, 0, 0, 23841, '');

-- INSERT INTO `dbscripts_on_creature_death` (`id`, `delay`, `command`, `datalong`, `datalong2`, `datalong3`, `buddy_entry`, `search_radius`, `data_flags`, `dataint`, `dataint2`, `dataint3`, `dataint4`, `x`, `y`, `z`, `o`, `comments`) VALUES
-- INSERT INTO `dbscripts_on_go_use` (`id`, `delay`, `command`, `datalong`, `datalong2`, `datalong3`, `buddy_entry`, `search_radius`, `data_flags`, `dataint`, `dataint2`, `dataint3`, `dataint4`, `x`, `y`, `z`, `o`, `comments`) VALUES
-- INSERT INTO `dbscripts_on_go_template_use` (`id`, `delay`, `command`, `datalong`, `datalong2`, `datalong3`, `buddy_entry`, `search_radius`, `data_flags`, `dataint`, `dataint2`, `dataint3`, `dataint4`, `x`, `y`, `z`, `o`, `comments`) VALUES
-- INSERT INTO `dbscripts_on_relay` (`id`, `delay`, `command`, `datalong`, `datalong2`, `datalong3`, `buddy_entry`, `search_radius`, `data_flags`, `dataint`, `dataint2`, `dataint3`, `dataint4`, `x`, `y`, `z`, `o`, `comments`) VALUES
-- INSERT INTO `dbscripts_on_event` (`id`, `delay`, `command`, `datalong`, `datalong2`, `datalong3`, `buddy_entry`, `search_radius`, `data_flags`, `dataint`, `dataint2`, `dataint3`, `dataint4`, `x`, `y`, `z`, `o`, `comments`) VALUES
-- INSERT INTO `dbscripts_on_spell` (`id`, `delay`, `command`, `datalong`, `datalong2`, `datalong3`, `buddy_entry`, `search_radius`, `data_flags`, `dataint`, `dataint2`, `dataint3`, `dataint4`, `x`, `y`, `z`, `o`, `comments`) VALUES
-- INSERT INTO `dbscripts_on_gossip` (`id`, `delay`, `command`, `datalong`, `datalong2`, `datalong3`, `buddy_entry`, `search_radius`, `data_flags`, `dataint`, `dataint2`, `dataint3`, `dataint4`, `x`, `y`, `z`, `o`, `comments`) VALUES
-- INSERT INTO `dbscripts_on_quest_start` (`id`, `delay`, `command`, `datalong`, `datalong2`, `datalong3`, `buddy_entry`, `search_radius`, `data_flags`, `dataint`, `dataint2`, `dataint3`, `dataint4`, `x`, `y`, `z`, `o`, `comments`) VALUES
-- INSERT INTO `dbscripts_on_quest_end` (`id`, `delay`, `command`, `datalong`, `datalong2`, `datalong3`, `buddy_entry`, `search_radius`, `data_flags`, `dataint`, `dataint2`, `dataint3`, `dataint4`, `x`, `y`, `z`, `o`, `comments`) VALUES
-- INSERT INTO `dbscript_random_templates` (`id`, `type`, `target_id`, `chance`, `comments`) VALUES


